时政,新冠病毒疫苗接种问答来了！涉及34个关键问题
时政,国家移民管理机构将启用队旗和标志
时政,美中政策基金会主席：中美知识鸿沟恐将伤害美国外交
时政,解析新冠重组亚单位蛋白疫苗：精准识别病毒最核心部分
时政,上海：“在沪停留超24小时所有人员需强制登记”系误读
时政,各地探索推行“黑名单”制度 让行贿者寸步难行
时政,适老型诉讼服务新机制：为老年群体量身定制保护伞
时政,双创教育不可纸上谈兵，其中难点该如何解决？
时政,什么样的人才能加入中国共产党？
时政,卫星图像观察青海湖：“高原蓝宝石”开裂现大量浮冰
时政,上海首个新冠疫苗智慧接种方舱启用
时政,习近平与革命文物“面对面”
时政,习近平：在党史学习教育动员大会上的讲话
时政,《求是》杂志发表习近平总书记重要文章 《在党史学习教育动员大会上的讲话》
时政,习近平同布隆迪总统恩达伊施米耶通电话
时政,跟着总书记长见识 | 福建之行第三天：城市建设-历史传承-企业创新
时政,习近平为何将实现“双碳”目标视作一场“系统性变革”？
时政,锻造能打胜仗的特战尖兵——记武警广东总队机动支队某中队中队长彭星
时政,永不生锈的钢钉——走近海岛雷达兵心中的“红色前哨”
时政,跑赢山洪 重庆武警抢在水库决堤前成功封堵
时政,中央军委发布《中国共产党军队委员会政法委员会工作规定（试行）》
时政,武警营区里的“武林高手”
时政,福建武警举行军营开放日 幼儿园师生体验军营生活
时政,雄安设立四周年：“未来之城”引领怎样的未来？
时政,栗战书在生物安全法实施座谈会上强调 坚持总体国家安全观 从统筹发展和安全战略高度实施好生物安全法
时政,新华热评｜一个殡仪馆干倒仨馆长，还不醒醒？
时政,李克强对全国剥离国有企业办社会职能和解决历史遗留问题工作电视电话会议作出重要批示
时政,全国精准扶贫典型案例第一次发布会在京举行
时政,广东将积极推进粤港澳大湾区立法进程
时政,曾长期任职金融系统的落马官员许臻被捕
时政,王雄昌任广西钦州市代市长
时政,沿江公安机关签署协议 长江警务一体化格局正式形成
时政,雄安新区转入大规模建设阶段 形成塔吊林立的建设场面
时政,从“红绿蓝”看雄安四年之变
时政,三峡工程：功在当代 泽被千秋
时政,新闻调查：这支“红”粉笔的故事，贯穿了18年！
时政,中国的这个“世界第一” 你无论如何也离不开！
时政,教师行业门槛不断提高 名校生+高学历=好老师？
时政,农业农村部：开展为期三个月“瘦肉精”专项整治行动
时政,官方回应数据隐私保护：正加紧制定出台相关法律
时政,官方明确小额贷款公司不得向大学生发放互联网消费贷
时政,国家市场监管总局倡议：线下购物七日无理由退货
时政,国家发改委：中国将继续降低落户门槛实现“愿落尽落”
时政,郑新聪任福建省副省长
时政,王赋、蔡允革任重庆市政府副市长
时政,魏建锋任陕西省副省长
时政,云南省文山州人民医院原院长卢京接受监察调查
时政,王道席任宁夏回族自治区人民政府副主席
时政,彭士禄：中国核动力的“彭拍板”
时政,科普：苏伊士运河搁浅货轮“长赐号”如何脱困
时政,中国重组蛋白新冠病毒疫苗I期II期临床试验结果发布
时政,鱼类新种纪录！云南无量山发现中国鱼类新种川河云南鳅
时政,清北毕业生下余杭、海归入职中小学：教育失配了吗？
时政,陕西：中小学劳动教育课每周不少于1课时
时政,《习近平新时代中国特色社会主义思想学习问答》广受好评
时政,事关出入境、乘车、旅游……4月起这些新变化请查收
时政,西藏那曲市双湖县发生5.8级地震 震源深度10千米
时政,师德师风可以量化吗？ 七问高校教师队伍建设改革
时政,选品把关不严致直播营销频“翻车” 相关标准将出台
时政,中伊签署全面合作计划：无量化指标，“结伴不结盟”
时政,中国的这个“世界第一” 你无论如何也离不开！
时政,从800亿到100万亿 中国“五年规划”的故事
时政,为什么要延迟法定退休年龄？该如何进行？专家解读
时政,雄安设立四周年：“未来之城”引领怎样的未来？
时政,栗战书在生物安全法实施座谈会上强调 坚持总体国家安全观 从统筹发展和安全战略高度实施好生物安全法
时政,新华热评｜一个殡仪馆干倒仨馆长，还不醒醒？
时政,李克强对全国剥离国有企业办社会职能和解决历史遗留问题工作电视电话会议作出重要批示
时政,全国精准扶贫典型案例第一次发布会在京举行
时政,广东将积极推进粤港澳大湾区立法进程
时政,曾长期任职金融系统的落马官员许臻被捕
时政,王雄昌任广西钦州市代市长
时政,沿江公安机关签署协议 长江警务一体化格局正式形成
时政,雄安新区转入大规模建设阶段 形成塔吊林立的建设场面
国际,·南非高官：人类命运共同体理念为世界进步提供中国智慧
国际,·日本累计确诊超47.5万 政府拟提高变异病毒筛检率
国际,·日本大阪等3府县适用防止疫情蔓延重点措施
国际,·新西兰克马德克群岛发生6.2级地震 震源深度10千米
国际,·乌克兰新增住院病例激增 首都检疫隔离举措将升级
国际,缅甸总统温敏和国务资政昂山素季所涉案件第三次开庭
国际,日本大阪等3府县适用防止疫情蔓延重点措施
国际,韩国集体感染事件多发 釜山市将上调防疫响应级别
国际,澳大利亚房价迎30年最快增长 悉尼房价月涨上万澳元
国际,震惊一幕：人贩子将女童扔过4米高美墨边境墙后逃离 
国际,韩媒：首尔市提交韩朝合办2032年奥运会建议书
国际,日韩举行外交局长级磋商 拟摸索改善关系？
国际,亚裔女性遭袭无人施救，美仇亚犯罪因何不减反增？
国际,“明知故犯”？拜登的宠物狗再次咬了白宫工作人员
国际,外媒称对新冠溯源报告的指责让结果失焦
国际,全球新冠死亡病例超280万 美国或出现第四波疫情
国际,国际述评：病毒溯源之路，与科学为伴
国际,美国新一波纾困款将下发 各州租客为何仍面临驱逐？
国际,美国总统拜登之子出书谈“黑历史”
国际,美国“水门事件”幕后策划者利迪去世
国际,孟晚舟案聚焦美国引渡是否违法
国际,叙利亚总统夫妇感染新冠后康复 
国际,捷克首富在阿拉斯加坠机事件中身亡
国际,亚美尼亚总理表示将于4月辞职
国际,委内瑞拉反对派代表瓜伊多感染新冠
国际,最新研究在南非内陆遗址发现早期现代人复杂行为证据
国际,《自然》最新论文揭秘压力如何影响毛发生长
国际,疫情下日本航空业者出招 现役波音777“变”餐厅 
国际,节约一半预算！俄科学家研究新方案 缩减登月费用
国际,孟晚舟引渡案辩方律师：美国对案件无司法管辖权
国际,南非高官：人类命运共同体理念为世界进步提供中国智慧
国际,老挝总理：老挝疫情防控战略成果是老中抗疫合作的胜利
国际,红十字国际委员会主席：多数叙利亚人面临10年来最严峻人道状况
国际,日本累计确诊超47.5万 政府拟提高变异病毒筛检率
国际,英国近期有110万人出现长期新冠肺炎症状
国际,缅甸总统温敏和国务资政昂山素季所涉案件第三次开庭
国际,拉美多国疫情数据创新高 部分国家收紧防疫措施
国际,工厂人为失误致1500万剂强生新冠疫苗被销毁
国际,美国变异新冠病毒确诊病例过万 巴基斯坦总统新冠检测阳性
国际,美国33个州新增确诊上升 英国超3000万人接种首剂新冠疫苗
国际,美国多州疫情抬头 官员称下周疫苗接种将获重大推动
国际,墨西哥累计新冠死亡逾20万例 全球多国疫情现反弹
国际,美国疫情再现回升 拜登敦促各州防疫“别松劲”
国际,美国五角大楼批准开放得州军事基地收容流动儿童
国际,美国一些城市举行集会抗议针对亚裔的歧视和仇恨犯罪
国际,这组最新数据说明美国疫情防控为何难上加难
国际,美国“弗洛伊德案”开庭日 死者家属和律师...
国际,苏伊士运河通了！算笔账，一艘船如何“堵”...
国际,法国确诊病例超455万 重症患者人数超第...
国际,跪压长达9分29秒！被控跪杀弗洛伊德的美...
国际,拜登会与金正恩见面吗？白宫：这不是他的打...
国际,埃及苏伊士运河管理局：搁浅货轮已经完全恢...
国际,苏伊士运河通了！113艘船将先通行 埃及...
国际,美国变异新冠病毒确诊病例过万 巴基斯坦总...
国际,巴基斯坦总统阿尔维新冠病毒检测呈阳性
国际,叙利亚总统夫妇感染新冠后康复 已恢复正常...
国际,苏伊士运河堵塞反思：海运咽喉抗风险能力受关注
国际,苏伊士运河堵塞会让世界经济有多痛？
国际,联合国报告：新冠肺炎疫情致全球1.2亿人陷入极端贫困
国际,联合国粮农组织：20多国重度饥饿人数将飙升
国际,美国顶级智囊如何看美国经济？
国际,“杀手”与“祝您健康”：普京妙回拜登后，俄美关系如何走
国际,国际媒体关注中美高层战略对话：中美实质沟通的重要一步
国际,纳卡停火4个月后，阿塞拜疆总统：结束过去 关注未来
国际,孟晚舟引渡案辩方律师：美国对案件无司法管辖权
国际,南非高官：人类命运共同体理念为世界进步提供中国智慧
国际,老挝总理：老挝疫情防控战略成果是老中抗疫合作的胜利
国际,红十字国际委员会主席：多数叙利亚人面临10年来最严峻人道状况
国际,日本累计确诊超47.5万 政府拟提高变异病毒筛检率
国际,英国近期有110万人出现长期新冠肺炎症状
国际,缅甸总统温敏和国务资政昂山素季所涉案件第三次开庭
国际,拉美多国疫情数据创新高 部分国家收紧防疫措施
国际,工厂人为失误致1500万剂强生新冠疫苗被销毁
国际,节约一半预算！俄科学家研究新方案 缩减登月费用
国际,美跪杀案庭审：暴力执法遭批 警察辩称“他体格大”
社会,山东荣成：“黑尾鸥之乡”鸥鸟归来
社会,探访辽宁沈阳女警犬训导员
社会,清明将至 民众祭扫华北军区烈士陵园
社会,国税总局山东省税务局总会计师高萍接受审查调查
社会,检方分别对许臻、孙振云、张国平、马俊健、吕永栋、杨光银决定逮捕
社会,黑龙江省司法厅原副厅长宋成杰严重违纪违法被开除党籍
社会,吉林省水利厅党组成员、副厅长张和接受审查调查
社会,“七成孩子被动补课” 校内提质破解校外培训怪圈
社会,男子遭羁押150天事隔7年获判无罪 法院判赔8.9万元
社会,“95后”从500强企业辞职，选择成为一名“猛禽康复师”
社会,女演员整容失败鼻尖坏死事件追踪：已和美容门诊达成和解
社会,湖南武冈一男子因情感纠纷伙同他人杀害3人 2人落网  
社会,“拉面哥”遭过度围观 普通人被流量围猎如何破局
社会,怎样才算“加班”？业内人士呼吁完善认定标准
社会,男方隐瞒患有重大疾病 女方起诉离婚获支持
社会,5年新增191地，有人险丧命 危险的红火蚁为何难防？
社会,组织“地下拆迁队”暴力强拆养老院 49人涉黑被判刑
社会,新冠疫苗保护期仅半年？别让这些谣言给我们过愚人节
社会,轻信直播间“投资高手” 市民“炒币”被骗近500万元
社会,瑞丽全员核酸检测采样结束 追踪到密接及次密接人员1320人
社会,“七成孩子被动补课” 校内提质破解校外培训怪圈
社会,4月上半月全国大部扩散条件较好 空气质量以优良为主
社会,玩家“氪金”上瘾，厂商躺着数钱：抽卡游戏是创新还是赌博？
社会,女演员整容失败鼻尖坏死事件追踪：已和美容门诊达成和解
社会,山西警方摧毁一黑色产业链：解封QQ百万余次 涉电诈资金6亿元
社会,案值8000万元！广西破获特大走私香烟案 抓获11人
社会,假酒扫码结果竟然显示为“真”？扬州警方查获制售假酒团伙
社会,酒驾撞车拖行伤者1公里致死案罪犯被执行死刑
社会,广州番禺化龙镇明经村发生一宗刑事案件 造成人员伤亡
社会,耄耋老人开设老年班无偿教英语：互相学习 共同进步
社会,因人体器官捐献志愿活动相识 他们举办了一场墓园婚礼
社会,耳边有歌，眼里有光！少年街头读书陪盲父卖唱
社会,留守老人成了“手机控” 有人在手机里上当受骗
社会,全国道德模范窦兰英：好心人借给我救命钱，决不能赖账
社会,西安地铁拟禁用充电宝？回应：不是不让带 是不让用
社会,北京驾驶员今起可通过网上学习减免交通违法记分
社会,国产宫颈癌疫苗上市 价格千元左右仅为进口的一半
社会,电子烟“花式”吸引青少年，更多监管细则亟待出台
社会,主动投案 黑龙江省委巡视组巡视专员于宝国接受审查调查
社会,“不撕广告格杀勿论”，城管服务外包不是“执法权”外包
社会,长沙“问题混凝土”：检测单位用铁块代土出假报告
社会,“南大碎尸案”案发25年后家属起诉学校 法院已受理
社会,西安海关首次在入境国际邮件中截获活体观赏鱼
社会,哈尔滨方正县一大桥桥墩发生坍塌 系冰凌撞击导致
社会,云南师宗一男子入室盗窃 中途犯困睡着了
社会,云南南涧发现鱼类新种——川河云南鳅
社会,土味视频、土味情话……席卷网络的土味究竟什么味？
社会,可乐当水喝 19岁胖小伙血糖爆表进ICU救命
社会,“魔方奶奶”通过魔方B段考级 创60岁以上盲拧最快世界纪录
社会,江西警方破获一起虚拟货币盗窃案 涉案金额超千万
社会,25岁“刮腻子女孩”火了 靠画壁画6天赚4万
社会,全国重点文物保护单位内建驾校练车场？官方责令整改
社会,河北张家口：百年京张铁路文物遗存保护现状堪忧
社会,“温水煮青蛙”透支未来 醒悟的年轻人正挣脱网贷泥沼
社会,搬家费1200涨价到1.8万？天价搬家费背后的强迫交易
社会,11岁男孩花10万余元买游戏账号 半小时消费8.78万元
社会,二手车经营店一夜被清空 市场方称“租赁到期”
社会,她搭上几个月时间 只为了举证学生作弊这件“小事”
社会,广东揭阳：扣押约5600吨涉问题钢材 抓获27名嫌疑人
财经,央行：推动自贸试验区金融开放创新 实现高水平对外开放
财经,机构：一季度A股IPO数量达100家 同比增长96%
财经,小长假迎旅游高峰 整治旅游乱象应监管前移
财经,受疫情影响瑞丽旅游暂停 云南其他地方暂未受影响
财经,前2月规上互联网企业完成业务收入1990亿元 同比增29%
财经,共享经济领域“涨”声一片引发热议 为何越来越贵？
财经,海外版Switch下架上热搜 一款游戏机到底能有多赚钱
财经,Z世代消费的价值与力量：从精致穷到消费主义逆行者
财经,追“国货”赶“新潮”，你为“时尚”消费了吗？
财经,Z世代消费的价值与力量：从精致穷到消费主义逆行者
财经,网上可无抵押贷款？有人欲贷5万结果被骗12万
财经,楼市现“史上最热”一季度 但降温迹象已现
财经,“在牙齿上犯的错，须用房子来偿还”
财经,整容低龄化现象日益凸显 他们为何扎堆去割双眼皮？
财经,商务部：国内食用农产品价格难以大幅上涨
财经,农业农村部：规范水产养殖用投入品 让群众吃到放心鱼
财经,江西九江加大组织力度 保证新疆棉花及时到达纺织企业
财经,这个“老掉牙”的问题难解：种一颗牙最贵标价11万
财经,拼多多联合30余家出版社启动“多多读书月” 直补1000余款好书
财经,字节跳动张一鸣：外部波澜起伏，内心平静如常
财经,万科郁亮：房地产行业逻辑变了 不再能赚大钱快钱
财经,万科总裁祝九胜：泰禾问题的解题钥匙仍在泰禾自身和债权人手中
财经,IMF总裁：预计全球经济增长好于预期但不确定性高
财经,报告：新能源车置换周期较短 在一线城市间流转明显
财经,报告：全球经贸摩擦形势严峻
财经,中央财政安排乡村振兴补助资金1561亿元
财经,1-2月中国发行地方政府债券4181亿元
财经,1-2月国有企业营业总收入101929.2亿元 同比增33.7%
财经,农业农村部：规范水产养殖用投入品 让群众吃到放心鱼
财经,养殖业的碳减排：开头肯定艰难 未来一定美好
财经,椰树又被立案调查！别让另类广告砸了招牌
财经,跨国药企跻身“上海市政府质量奖” 相关质量管理经验成行业参考
财经,押上人生全部的声誉！否认五年后，雷军造车！
财经,华为回应热点问题：事关芯片、手机、供应链、造车等
财经,中联重科2020年营收超651亿元 创历史最好水平
财经,海外版Switch下架上热搜 一款游戏机...
财经,Z世代消费的价值与力量：从精致穷到消费主...
财经,中国中化集团与中国化工集团实施联合重组
财经,四部门：开展2021年新能源汽车下乡活动
财经,深交所合并主板与中小板将于4月6日正式实...
财经,央行：所有贷款产品均应明示贷款年化利率
财经,华为回应热点问题：事关芯片、手机、供应链...
财经,这种“废品”相比去年涨价7成仍供不应求 ...
财经,做足安全防护 核技术也能给美食当“保安”
财经,广东高院二审认定“乐拼”恶意模仿“乐高”...
财经,网络中国节·元宵节
财经,网络中国节·春节
财经,第五届“百幅网络正能量图片”活动获选作品
财经,中国企业年度汉字
财经,2020梦想加伙伴大会
财经,中国石油全线发力迎冬供
财经,2020北京大运河文化节
财经,央行回应彩礼贷、墓地贷问题：将实施有效监管和指导
财经,央行回应彩礼贷、墓地贷问题：将实施有效监管和指导
财经,一季度50城卖地超7000亿 同比增26%
财经,一季度50城卖地超7000亿 同比增26%
产经,VR/AR与TWS业务共振，双动力引擎实现业绩高增长
产经,晚熟脐橙上市 奉节脐橙产地价格有望转涨
产经,沃尔沃汽车面向全体员工推出24周带薪育儿假政策
产经,腾讯音乐娱乐集团《2020华语数字音乐年度白皮书》发布
产经,字节跳动张一鸣：外部波澜起伏，内心平静如常
产经,光大银行年报发布 普惠便民“名品”云缴费表现亮眼
产经,引领科技美学 长虹再获德国红点产品设计大奖
产经,中兴发布多款智能终端 打造全场景5G智能生活
产经,万科郁亮：房地产回归实业属性是明确的趋势
产经,大兴供地计划展现区域价值 把握纯商品房上车时机
产经,北京租房市场回归旺季 3月成交量环比涨幅超六成
产经,三部门联合排查经营贷违规入楼市 能否掐灭楼市过热这把火？
产经,社科院报告：一线城市未现房价接力上涨
产经,平安租赁获“陆家嘴金融城绿色金融综合发展平台绿色项目”认证
产经,如果你实在不想北漂，那就选这12城生活吧！
产经,近百“喵星人”亮相常州“选美卖萌”
产经,陈漫长沙办个人摄影展 一线“明星”齐亮相
产经,Beautyberry 2021/2022秋冬系列在北京发布
产经,降本提效 京东科技智能人机交互技术的产业化实践
产经,国家超算济南中心科技园“超算经济”初见
产经,报告指城乡存在“数字鸿沟” 专家吁“新IT”智慧下乡
产经,高性能图计算是尖端科技下一个前沿
产经,看好中国经济前景 亚马逊云科技加大中国业务投入
产经,加速大屏升维 虹魔方获亚太OTT/IPTV大会两枚天工奖
产经,泛华观点：数字驱动产业升级 实现高质量发展
产经,“十四五”时期中国可再生能源发展将进入新阶段
产经,中国渤海油田启动“新优快”钻完井创新工程
产经,我国可再生能源开发利用规模稳居世界第一
产经,从石头缝里“挤”出油 页岩油开发刷新两项国内纪录
产经,中国石化2020年盈利331亿元 领先全球同行
产经,东易日盛家装品牌升级发布 “7S超放心品质系统”引关...
产经,业绩优异 大行机构一致看好雅居乐发展前景
产经,科拓生物官宣首位品牌代言人 傅园慧惊艳亮相
产经,Family Space 家空间·福特体验店焕新亮相...
产经,尚德机构：在线教育激发农村“造血”能力，助推乡村振兴...
产经,中国太保：聚焦主业经营 核心业务稳健发展
产经,智能马桶这五年：中国制造下的华丽蜕变
产经,中国石化催化剂公司明确“三步走”改革路径
产经,石头扫拖机器人T7S系列正式发布 尽显国潮科技风采
产经,健康中国糖尿病患者肾病早筛计划启动 将惠及800万患...
产经,报告：3月份中国新房找房热度环比上涨36.7%
产经,财政部：2月份全国共销售彩票189.55亿元
金融,北京金融法院正式成立
金融,信贷供需两旺 结构不断优化——解读2月我国金融数据
金融,在华外资银行保险机构数量稳步增长 总资产逾5万亿元
金融,财政部公布2021年第二季度国债发行计划
金融,0元财商课靠谱吗？体验良莠不齐，诱导销售值得关注
金融,国家外汇局：2020年四季度我国经常账户顺差8177亿元
金融,A股五大险企2020年日赚6.89亿 净利增速均未转正
金融,恒指微跌 滔搏领跌服装零售商板块
金融,腾讯2020年营收逼近5千亿 网络游戏收入增长36%
金融,上海中招新政发布一周 学区房价格暂未出现拐点
金融,三大指数午盘收红：创指涨逾1% 半导体板块领涨
金融,财政部公布2021年第二季度国债发行计划
金融,A股低开高走：创指半日涨逾1% 军工、石化板块领涨
金融,A股三大指数小幅低开 风电、新能源股回调
金融,美三大股指开盘普跌，腾讯音乐涨超8%
金融,沪指涨0.5% 供气供热、煤炭等板块领涨
金融,三大指数震荡走高：煤炭股大涨，中国神华涨停
金融,超百家险企披露去年个人短期健康险综合赔付率
金融,要当心了！你报名的网络理财速成课可能变“劫财课”
金融,张坤成“菜菜坤”、春春也不香了，基金咋不赚钱了？
金融,新三板将推出精选层再融资制度和精选层指数
金融,A股公司分拆上市持续升温 医药生物企业多达11家
金融,常态化退市越走越近 今年已有8家公司触发“1元退市”
金融,最贵的奶茶要上市，一杯卖40多元却三年亏上亿
金融,以岭药业2020年业绩翻倍增长 Q4单季增长超过500%
金融,资本市场加快健全“四梁八柱” 助力高标准市场体系建设
金融,爱康战略合作伙伴诺辉健康香港成功上市
金融,快手登陆港交所：六位用户敲响开市锣 开盘大涨193%
金融,外资金融机构布局按下“快进键”
金融,央行：所有贷款产品应明示年化利率
金融,兴业银行1663亿绿色融资联结“高颜值”“高素质”新福建
金融,央行开展100亿元逆回购操作
金融,华南首家！中国银行“5G智能+”湾区馆在广州亮相
金融,A股公司分拆上市持续升温 医药生物企业多达11家
金融,央行开展100亿元逆回购操作
金融,比特币的“罪与罚”：所涉刑事案中盗窃罪过半
金融,证监会修订行政处罚委组织规则 优化“查审分离”体制
金融,银保监会启动人身保险行业佣金制度调研
金融,银保监会：3898家农村中小银行全部完成机构自查和监管检查
金融,银保监会：保险业偿付能力充足率保持在合理区间
金融,黄益平：金融监管改革迫在眉睫
金融,外资金融机构布局按下“快进键”
金融,央行：所有贷款产品应明示年化利率
金融,兴业银行1663亿绿色融资联结“高颜值”“高素质”新福建
金融,央行开展100亿元逆回购操作
金融,华南首家！中国银行“5G智能+”湾区馆在广州亮相
金融,A股公司分拆上市持续升温 医药生物企业多达11家
金融,央行开展100亿元逆回购操作
金融,比特币的“罪与罚”：所涉刑事案中盗窃罪过半
金融,外资金融机构布局按下“快进键”
金融,央行：所有贷款产品应明示年化利率
汽车,途虎养车与埃克森美孚再携手 多款产品强势上线
汽车,汽车芯片断供潮风波再起 十余家传统车企按下暂停键
汽车,第三代Honda CONNECT正式发布：这一程 更智能
汽车,宝马在中国发展高层论坛倡导开放合作和可持续发展
汽车,小鹏NGP 3000公里远征挑战发车 用智能汽车丈量中国
汽车,北京：2021年度原则上不配置汽车租赁小客车指标
汽车,浙江省消保委发布汽车投诉调查：存在八大服务乱象
汽车,2月中国汽车出口刷新当月历史记录
汽车,途虎养车与埃克森美孚再携手 多款产品强势上线
汽车,传祺EMPOW中文名发布 影豹1.5T零百加速6.95秒
汽车,汽车芯片断供潮风波再起 十余家传统车企按下暂停键
汽车,押金退费难、员工离职潮 共享汽车市场遇寒冬？
汽车,WEY品牌坦克300致敬莫奈限定版上市售价22万元
汽车,T3出行女司机：用女性力量，护航乘客安全出行
汽车,一骑当先“潮”你而来 哈弗赤兔官图正式公布
汽车,上汽大众全新纯电SUVID.4 X上市交付
汽车,车企赚钱靠兼职：买股票卖房产 造手机造飞机
汽车,跨界造车热潮再起 究竟会后发制人，还是误入歧途？
汽车,中国汽车在厄瓜多尔赢得口碑
汽车,1月份汽车销量同比增长31.9% 热销势头能否持续
汽车,易车新TVC玩转AI换脸 沈腾魔性演绎买车“人间值得”
汽车,智能网联汽车发展已到战略转折点 产业链各端强势突围
汽车,豪气分红再现！江铃汽车分红额超净利股价涨停 有公司却收关注函
汽车,大众DQ400e变速器获评“龙蟠杯”第四届世界十佳变速器
汽车,打造10万级科技头等舱 广汽埃安AION Y正式预售
汽车,途虎养车与埃克森美孚再携手 多款产品强势上线
汽车,传祺EMPOW中文名发布 影豹1.5T零百加速6.95秒
汽车,汽车芯片断供潮风波再起 十余家传统车企按下暂停键
汽车,汽车消费类纠纷易发 买车擦亮双眼入手精挑细选
汽车,上海制定非机动车管理地方法规 外卖平台企业将受监管
汽车,3月沪牌拍卖最低成交价92500元 中标率跌至4.3%
汽车,报告称2020年度德系和美系品牌汽车抱怨度高于行业平均水平
汽车,上汽大众全新纯电SUVID.4 X上市交付
汽车,智能网联汽车发展已到战略转折点 产业链各端强势突围
汽车,豪气分红再现！江铃汽车分红额超净利股价涨停 有公司却收关注函
汽车,大众DQ400e变速器获评“龙蟠杯”第四届世界十佳变速器
汽车,打造10万级科技头等舱 广汽埃安AION Y正式预售
汽车,途虎养车与埃克森美孚再携手 多款产品强势上线
汽车,传祺EMPOW中文名发布 影豹1.5T零百加速6.95秒
汽车,汽车芯片断供潮风波再起 十余家传统车企按下暂停键
汽车,汽车消费类纠纷易发 买车擦亮双眼入手精挑细选
汽车,上海制定非机动车管理地方法规 外卖平台企业将受监管
汽车,3月沪牌拍卖最低成交价92500元 中标率跌至4.3%
汽车,报告称2020年度德系和美系品牌汽车抱怨度高于行业平均水平
汽车,上汽大众全新纯电SUVID.4 X上市交付
港澳,黎智英等7人被裁定组织及参与未经批准集结两罪成
港澳,香港和日本推出跨币证券交易货银两讫联网
港澳,乱港分子林卓廷还押中辞任北区区议员
港澳,港府强烈反对美国所谓“报告”对香港特区的评论
港澳,香港社会各界及舆论：坚决拥护和支持完善选举制度
港澳,香港教育局公布高中四个核心科目的优化措施
港澳,黎智英官司缠身之际 壹传媒高层再突发变动
港澳,香港海关检获7300万港元怀疑毒品 拘捕一25岁男子
港澳,全国人大完善香港选举制度，爱国爱港各界纷纷支持
港澳,专家解读香港改革选举制度：“政改五步曲”不再适用
港澳,香港苏富比展示三方中国明清御玺

港澳,香港举办青年招聘会 提供逾800个大湾区职位空缺
港澳,香港教育局公布高中四个核心科目的优化措施
港澳,黎智英等7名被告涉及组织及参与非法集结罪名成立
港澳,乱港分子林卓廷还押中辞任北区区议员
港澳,港府强烈反对美国所谓“报告”对香港特区的评论
港澳,香港社会各界及舆论：坚决拥护和支持完善选举制度
港澳,专家解读香港改革选举制度：“政改五步曲”不再适用
港澳,港媒舆论：新民主选举制度开启香港良政善治新局面
港澳,刘显法：全力支持澳门扩大对外交往
港澳,赵式庆：“爱国者治港”不容置疑
港澳,廖启智被曝罹患胃癌一度病危
港澳,梁振英提质疑：为何内地赴港人士仍要隔离
港澳,香港回归——“一国两制”从伟大构想到生动现实
港澳,香港特区立法会通过皇岗口岸“一地两检”后续工作议案
港澳,张建宗鼓励香港青年突破局限 善用粤港澳大湾区机遇
港澳,港府大湾区招聘会吸引年轻人 市民：希望能有机会尝试
港澳,粤港澳将共同推进实施大湾区文化和旅游发展规划
港澳,在粤香港青年：“爱国者治港”势在必行
港澳,首批澳门纳税服务体验师横琴受聘
港澳,香港新增13宗新冠肺炎确诊病例 其中2宗本地源头不明
港澳,调查称无安全问题 香港将恢复接种复必泰新冠疫苗
港澳,澳门卫生局局长罗奕龙：新一批BioNTech疫苗下周开始接种
港澳,香港警方瓦解求职诈骗集团 涉案金额达300万元港币
港澳,香港高中通识科将于下学年改名为“公民与社会发展科”
港澳,特写：这是民心所向！——香港市民积极支持完善选举制度
港澳,黎智英等组织及参与非法集结罪成立 案件4月16日判刑
港澳,特评 | 为了国家和香港，无惧外人置喙
港澳,澳门各界人士：坚决支持和拥护中央决定
港澳,香港海关检获7300万港元怀疑毒品 拘捕一25岁男子
港澳,广东东莞搭建港澳青年大湾区创业新平台首批企业入驻
港澳,香港首个古典刀剑文化主题多媒体展散发冷兵器温度
港澳,香港6名健身房职员因威吓顾客被判同类案件最高刑罚
港澳,生命科学与人工智能创新论坛在澳门举行
港澳,香港特区政府保安局局长谴责“黑暴”同党抹黑惩教署
港澳,港府给旅游业者提供疫苗接种兼职 将提供2000个职位
港澳,香港电台下架“问题节目”：存涉香港国安法不准确描述
港澳,香港民调：多数市民支持拥护全国人大完善香港选举制度决定
港澳,大湾区创新创业孵化基地开“孵” 打造港澳青年在穗新家
港澳,香港时隔两天再现新冠肺炎本地确诊病例
港澳,香港特区政府为旅游界创造两千临时职位 支援社区疫苗接种
港澳,乔晓阳：爱国爱澳青年需学习并认识国家特有的法律体系
港澳,广东支持香港建设首家中医医院 推动中药产品海外注册和使用
港澳,澳门特区维护国家安全委员会召开2021年度首次全体会议
港澳,香港和日本推出跨币证券交易货银两讫联网
港澳,黎智英官司缠身之际 壹传媒高层再突发变动
港澳,中国人民银行在香港成功发行50亿元人民币央行票据
港澳,“香港经济峰会2021”举行 聚焦疫后香港经济如何复苏
港澳,香港劳工及福利局局长：香港失业率再上升的机会不高
港澳,香港回归十五年大事记
港澳,邓小平关于“一国两制”的谈话
港澳,香港的割让与香港问题谈判、回归
港澳,学者解读香港问题：理解中国的钥匙
港澳,香港特别行政区基本法
港澳,澳门特别行政区基本法
港澳,香港特别行政区驻军法
港澳,澳门特别行政区驻军法
港澳,都市民俗 别样风景:扫描香港潮州人"盂兰胜会"
港澳,澳门年俗:谢灶 利市 开年
港澳,典当行：澳门别样的风景
港澳,澳门有这样一个公休日——浴佛节
港澳,中葡关于澳门问题的联合声明
港澳,中英关于香港问题的联合声明
港澳,回归后香港涉台问题基本原则政策
港澳,回归后澳门涉台问题基本原则政策
港澳,首批澳门纳税服务体验师横琴受聘
港澳,香港新增13宗新冠肺炎确诊病例 其中2宗本地源头不明
港澳,调查称无安全问题 香港将恢复接种复必泰新冠疫苗
港澳,澳门卫生局局长罗奕龙：新一批BioNTech疫苗下周开始接种
港澳,香港警方瓦解求职诈骗集团 涉案金额达300万元港币
港澳,香港高中通识科将于下学年改名为“公民与社会发展科”
港澳,特写：这是民心所向！——香港市民积极支持完善选举制度
港澳,黎智英等组织及参与非法集结罪成立 案件4月16日判刑
港澳,特评 | 为了国家和香港，无惧外人置喙
港澳,澳门各界人士：坚决支持和拥护中央决定
台湾,台盟中央2021年对台联络重点工作推进会在皖举行
台湾,马英九吴敦义出境限令将到期 岛内猜测其会否“登陆”
台湾,“台独立委”炒作大陆动画搞“文化统战” 被网民讽刺
台湾,两岸青年座谈研讨 聚焦新媒体行业发展
台湾,台商二代在榕打拼16年：为更多台胞打开一扇窗
台湾,“台独”碰瓷雍正说“台湾自古不属中国” 网友痛批
台湾,岛内有人炒作“帕劳总统带美国大使访台” 专家解读
台湾,为挽回颜面，台当局宣布卖2吨菠萝到澳大利亚 质疑来了
台湾,关于“大陆暂停台湾地区菠萝输入”话题，国台办一一回应
台湾,多部门：支持台湾同胞台资企业在大陆农业林业领域发展
台湾,马英九吴敦义出境限令将到期 岛内猜测其会否“登陆”
台湾,“台独立委”炒作大陆动画搞“文化统战” 被网民讽刺
台湾,国台办：民进党当局在涉港问题上一贯颠倒黑白、恶意抹黑
台湾,国台办：民进党当局“放空炮”解决不了问题
台湾,“台独”碰瓷雍正说“台湾自古不属中国” 网友痛批
台湾,岛内有人炒作“帕劳总统带美国大使访台” 专家解读
台湾,为挽回颜面，台当局宣布卖2吨菠萝到澳大利亚 质疑来了
台湾,台湾青年在榕创建“第一云家园”
台湾,台胞获省级“三八红旗手”称号
台湾,“两岸夫妻”甜蜜的厨艺比拼
台湾,台盟中央2021年对台联络重点工作推进会在皖举行
台湾,台商深耕大陆30年：“是选对了地方”
台湾,两岸青年座谈研讨 聚焦新媒体行业发展
台湾,台媒提问大陆如何看待“中华民国”？ 国台办回应
台湾,台胞陈文仁：骑行祖国大陆 增进两岸交流
台湾,涉农林台胞台企：“农林22条措施”帮助大 盼尽快落实
台湾,闽台李氏宗亲文化交流 增进两岸同胞情谊
台湾,国台办：美方污蔑中国暴露美台的肮脏交易
台湾,安心！信心！——台胞台企谈农地林地经营权同等待遇
台湾,台湾2020年新书出版总量创20年新低
台湾,台盟中央2021年对台联络重点工作推进会在皖举行
台湾,台商深耕大陆30年：“是选对了地方”
台湾,马英九吴敦义出境限令将到期 岛内猜测其会否“登陆”
台湾,跟风抹黑新疆棉花 民进党当局打错了算盘
台湾,“台独立委”炒作大陆动画搞“文化统战” 被网民讽刺
台湾,两岸青年座谈研讨 聚焦新媒体行业发展
台湾,台湾新增6例新冠肺炎确诊病例 清明假期防疫不放松
台湾,大陆台商聚集地东莞台企数量稳中有升
台湾,陇台交流合作线上线下辟新径 冀深度延伸特色农业等领域
台湾,恫吓挺新疆棉花的台湾艺人 民进党被批道德勒索
台湾,阿里山山火烧了5天 岛内学者：不排除是人祸
台湾,台男子“哭诉”改名鲑鱼后改不回去 网友讽刺：只想红
台湾,为吃免费寿司，上百台湾人改名“鲑鱼”
台湾,为免费吃寿司，台湾有人改名36个字 还得叫“鲑鱼”
台湾,赣台两地“云”端纪念上高会战胜利80周年
台湾,民进党当局跟风抹黑新疆棉花 国台办：极端恶...
台湾,台商二代在榕打拼16年：为更多台胞打开一扇...
台湾,NASA“火星船票”将“台湾”单列为“国家...
台湾,恫吓挺新疆棉花的台湾艺人 民进党被批道德勒...
台湾,国台办：台方对大陆通报的菠萝不合格情况未有...
台湾,国台办：欢迎更多台胞台企到新疆旅游观光投资...
台湾,两岸青年座谈研讨 聚焦新媒体行业发展
台湾,在浙台商的“棒垒球”情缘：联结两岸 在身、...
台湾,国台办现场展示台湾菠萝害虫图 吁民进党当局...
台湾,跟风抹黑新疆棉花 民进党当局打错了算盘
台湾,港台腔：台美“合作再+1”？只是“卖台+1”！
台湾,时评：“台湾不是中国一部分”是十足谬论
台湾,“台独”还搞威胁恐吓那一套？不管用了！
台湾,小学生在大陆获个奖，民进党坐不住了
台湾,国台办：美方污蔑中国暴露美台的肮脏交易
台湾,安心！信心！——台胞台企谈农地林地经营权同等待遇
台湾,台湾2020年新书出版总量创20年新低
台湾,台盟中央2021年对台联络重点工作推进会在皖举行
台湾,台商深耕大陆30年：“是选对了地方”
台湾,马英九吴敦义出境限令将到期 岛内猜测其会否“登陆”
台湾,跟风抹黑新疆棉花 民进党当局打错了算盘
台湾,“台独立委”炒作大陆动画搞“文化统战” 被网民讽刺
台湾,两岸青年座谈研讨 聚焦新媒体行业发展
台湾,台湾新增6例新冠肺炎确诊病例 清明假期防疫不放松
台湾,大陆台商聚集地东莞台企数量稳中有升
台湾,陇台交流合作线上线下辟新径 冀深度延伸特色农业等领域
华人,青海侨联“技能团”为乡村振兴送去“金点子”
华人,赤几华侨华人总商会向爆炸事故受难民众捐生活物资
华人,洛杉矶橙县餐厅堂吃客容量扩大 餐饮业者振奋
华人,新西兰政府拟将移民政策权力法案效力延长至2023年
华人,新加坡：外籍劳工履行居家通知 雇主无需缴纳外劳税
华人,驻累西腓总领馆公布认可的核酸和血清抗体检测机构名单
华人,澳大利亚悉尼民宅发生火灾 一华裔妇女不幸身亡
华人,美亚太裔社区难获慈善资金 亚特兰大枪击案后捐款增多
华人,柬埔寨举行隆重仪式迎接中国第二批援柬新冠疫苗
华人,德国柏林升级防疫措施
华人,中国驻法兰克福总领馆提醒同胞加强自我防护 警惕诈骗
华人,驻埃及使馆发布中国公民接种新冠疫苗注意事项的通知
华人,驻纳米比亚使馆发布调整部分人员疫苗接种时间的公告
华人,驻德国使馆提醒中国公民入境德国前须进行核酸检测
华人,新加坡：外籍劳工履行居家通知 雇主无需缴纳外劳税
华人,欧洲时报评论：华人反歧视是“抗疫”持久战
华人,行走中国·2021海外华文媒体高层重庆行将于3月22日启动
华人,亚特兰大枪击案6名亚裔身亡 美国各界谴责仇恨犯罪
华人,日本共同社：2月访日外国游客同比大减99.3%
华人,侨报：纽约州扩大新冠疫苗接种范围 再增10个接种点
华人,海外华媒人：“爱国者治港”确保“一国两制”实践行稳致远
华人,新西兰政府拟将移民政策权力法案效力延长至2023年
华人,海外华侨华人：完善香港选举制度得民心破乱局
华人,洛杉矶县警告居民防范各类新冠肺炎疫苗相关诈骗
华人,华侨华人请注意！4月起这些新规将实施
华人,青海侨联“技能团”为乡村振兴送去“金点子”
华人,新冠疫苗接种成诈骗借口 美国土安全局：注意防范
华人,赤几华侨华人总商会向爆炸事故受难民众捐生活物资
华人,洛杉矶橙县餐厅堂吃客容量扩大 餐饮业者振奋
华人,新西兰政府拟将移民政策权力法案效力延长至2023年
华人,新加坡：外籍劳工履行居家通知 雇主无需缴纳外劳税
华人,巴拿马庆贺华人日 总统点赞华人社区贡献
华人,驻累西腓总领馆公布认可的核酸和血清抗体检测机构名单
华人,澳大利亚悉尼民宅发生火灾 一华裔妇女不幸身亡
华人,驻巴西使领馆发布认可的核酸检测机构名单及注意事项
华人,外交部提醒中国公民近期暂勿前往巴勒斯坦加沙地带
华人,美亚太裔社区难获慈善资金 亚特兰大枪击案后捐款增多
华人,中领馆提醒在美中国公民警惕针对亚裔的歧视和暴力
华人,加拿大华人发声谴责针对亚裔的种族歧视
华人,庆祝申遗成功 新加坡邮政推出小贩系列邮票
华人,美华裔老夫妇遇袭 出手相助公交车司机：不能坐视...
华人,“把脉”侨企转型路 浙江省侨商会知侨情、连侨心...
华人,重庆两江新区以“绿色”促创新开放引海外华媒点赞
华人,传承千余年  侨乡汕头“潮阳鲎粿”风味创新
华人,驻智利大使馆提醒旅智中国公民关注智最新入境隔离...
华人,纽约布鲁克林华商面临仇恨犯罪等两大难题 盼州府...
华人,驻卡塔尔大使就外长王毅提出实现中东安全稳定的倡...
华人,日本立命馆大学与职介所签约 防止留学生就业掉队
华人,美国多所大学不要求提供SAT和ACT成绩 申请量大增
华人,这些国家移民和出入境政策有了新变化 侨胞需注意
华人,安哥拉延长不在安的外国公民永久居留相关文件有效期
华人,青海侨联“技能团”为乡村振兴送去“金点子”
华人,赤几华侨华人总商会向爆炸事故受难民众捐生活物资
华人,洛杉矶橙县餐厅堂吃客容量扩大 餐饮业者振奋
华人,巴拿马庆贺华人日 总统点赞华人社区贡献
华人,澳大利亚悉尼民宅发生火灾 一华裔妇女不幸身亡
华人,浙江侨乡青田“云”聘百名华侨华人 面向全球推介家乡
华人,浙江文成“侨贤”归故里 乐在青山绿水间
华人,连云港与马来西亚以侨为桥加强“一带一路”合作
华人,青海侨联“技能团”为乡村振兴送去“金点子”
华人,新冠疫苗接种成诈骗借口 美国土安全局：注意防范
华人,赤几华侨华人总商会向爆炸事故受难民众捐生活物资
华人,洛杉矶橙县餐厅堂吃客容量扩大 餐饮业者振奋
华人,新西兰政府拟将移民政策权力法案效力延长至2023年
华人,新加坡：外籍劳工履行居家通知 雇主无需缴纳外劳税
华人,巴拿马庆贺华人日 总统点赞华人社区贡献
华人,驻累西腓总领馆公布认可的核酸和血清抗体检测机构名单
华人,澳大利亚悉尼民宅发生火灾 一华裔妇女不幸身亡
华人,驻巴西使领馆发布认可的核酸检测机构名单及注意事项
华人,外交部提醒中国公民近期暂勿前往巴勒斯坦加沙地带
华人,美亚太裔社区难获慈善资金 亚特兰大枪击案后捐款增多
娱乐,除了探案，我们看推理综艺的时候在看些什么
娱乐,汤姆和杰瑞、周子舒和温客行 双主角成近年影视剧新卖点
娱乐,从名主持到综艺“特工” 田源四十不惑再出发
娱乐,《上班啦！妈妈》开机 展现职场妈妈多面生活
娱乐,白敬亭：跳出青春剧的“框”
娱乐,虚拟偶像市场，瓶颈在哪里？
娱乐,陈佩斯：大家都明白了喜剧是怎么回事，这事儿就好办了
娱乐,《欢乐喜剧人7》总决赛落幕 秦霄贤宋晓峰获总冠军
娱乐,W8VES“春浪游园会”举办 沙一汀阿达娃首唱新歌
娱乐,《爱的理想生活》收官 王瑞欣回应人设争议
娱乐,增重17公斤，白敬亭在新戏里过了一把“体育瘾”
娱乐,钢琴家郎朗：走过“至暗时刻”，人生是一场马拉松
娱乐,悬疑网剧《黑金风暴》开机 部分案件改编自真实事件
娱乐,W8VES“春浪游园会”举办 沙一汀阿达娃首唱新歌
娱乐,11年了，《阿凡达》为啥还是最能打的3D电影？
娱乐,《少年的你》入围奥斯卡 华语电影这次能“冲奥”成功吗？
娱乐,钢琴家郎朗：走过“至暗时刻”，人生是一场马拉松
娱乐,编剧谈网络电影《布娃娃》：没有明星，但很接地气
娱乐,《粉红女郎》播出18年后，国产剧都市女性变了吗？
娱乐,白敬亭：跳出青春剧的“框”
娱乐,《爱的理想生活》收官 王瑞欣回应人设争议
娱乐,阎鹤祥：相声行业在内卷
娱乐,张哲瀚：我从来都不相信一夜之间爆红的事
娱乐,蔡琴不了情2016佛山经典金曲演唱会
娱乐,非常林奕华25周年·第56部原创作品 舞台剧《心之侦探》
娱乐,开心麻花经典爆笑舞台剧—乌龙山伯爵
娱乐,经典原版音乐剧《人鬼情未了Ghost—The Musical》/a>
娱乐,张惠妹"乌托邦part.2 庆典"UTOPIA CARNIVAL 演唱会
娱乐,大型魔幻惊悚话剧《盗墓笔记II：怒海潜沙》
娱乐,时代精神的锻造与传递，《经典咏流传》以英雄主义浸润人心
娱乐,总台融媒体清明特别节目《多情的土地》：一抔五色土，溯回千年文化记忆
娱乐,汤姆和杰瑞、周子舒和温客行 双主角成近年影视剧新卖点
娱乐,郑爽诉张恒民间借贷纠纷案终审判决：驳回上诉，维持原判
娱乐,悬疑网剧《黑金风暴》开机 部分案件改编自真实事件
娱乐,从名主持到综艺“特工” 田源四十不惑再出发
娱乐,10部电影定档五一 谁将处悬崖之上？
娱乐,张艺谋首部谍战大片，来了！
娱乐,纪录电影《进城记》在京首映 真实记录异地扶贫搬迁后续帮扶之路
娱乐,汤姆和杰瑞、周子舒和温客行 双主角成近年影视剧新卖点
娱乐,《觉醒年代》“破圈”启示：主旋律必须坚持“真”
娱乐,哥斯拉大战金刚，导演为何偏向“愣小子”？
娱乐,《大宋宫词》开播 再现古画《韩熙载夜宴图》
娱乐,《后翼弃兵》等获2021美国编剧工会奖
娱乐,电视剧《海洋之城》将播 张翰、王丽坤等主演
娱乐,同是宅斗剧 “锦心”为何不如“知否”香？
娱乐,《上班啦！妈妈》开机 展现职场妈妈多面生活
娱乐,《上线吧！华彩少年》的亮眼与出色
娱乐,《欢乐喜剧人7》总决赛落幕 秦霄贤宋晓峰获总冠军
娱乐,观众与网友感“扫兴” 提词器成综艺节目“原罪”？
娱乐,《同一屋檐下》探索“剧式综艺”新玩法
娱乐,《金牌喜剧班》英达班开课 再现“葛优躺”名场面
娱乐,陈佩斯：先有好作品，才有好表演
娱乐,金牌配角廖启智因胃癌去世 他出演的这些角色你还记得吗
娱乐,阎鹤祥：相声行业在内卷
娱乐,《觉醒年代》“破圈”启示：主旋律必须坚持“真”
娱乐,快时代看“慢综艺” 用普通人的故事温暖生活
娱乐,W8VES“春浪游园会”举办 沙一汀阿达娃首唱新歌
娱乐,陈建斌自导自演电影《第十一回》
娱乐,“劣迹艺人”要不要一禁了之？
娱乐,《爱的理想生活》收官 王瑞欣回应人设争议
娱乐,虚拟偶像市场，瓶颈在哪里？
娱乐,白敬亭：跳出青春剧的“框”
娱乐,时代精神的锻造与传递，《经典咏流传》以英雄主义浸润人心
娱乐,总台融媒体清明特别节目《多情的土地》：一抔五色土，溯回千年文化记忆
娱乐,汤姆和杰瑞、周子舒和温客行 双主角成近年影视剧新卖点
娱乐,郑爽诉张恒民间借贷纠纷案终审判决：驳回上诉，维持原判
娱乐,悬疑网剧《黑金风暴》开机 部分案件改编自真实事件
娱乐,从名主持到综艺“特工” 田源四十不惑再出发
娱乐,10部电影定档五一 谁将处悬崖之上？
娱乐,张艺谋首部谍战大片，来了！
娱乐,纪录电影《进城记》在京首映 真实记录异地扶贫搬迁后续帮扶之路
娱乐,除了探案，我们看推理综艺的时候在看些什么
娱乐,虚拟偶像市场，瓶颈在哪里？
体育,欧足联：欧洲杯单场每支球队可更换5名替补 
体育,减少冲动消费纠纷！北京健身房设置七天冷静期
体育,一波三折！东京奥运会火炬大阪传递或因疫情取消
体育,首局仅得8分！迈阿密站大坂直美23连胜遭终结
体育,世预赛德国主场爆冷负北马其顿 西班牙战胜科索沃
体育,武磊谈江苏队解散：为球队惋惜 球员努力会被记得
体育,LPL公布春季赛常规赛奖项 RNG、EDG包揽最佳一阵
体育,F1新赛季难逃疫情阴影 揭幕战12人新冠检测阳性
体育,足协主席说，中国足球要让老百姓看到希望
体育,欧足联：欧洲杯单场每支球队可更换5名替补 
体育,世预赛德国主场爆冷负北马其顿 西班牙战胜科索沃
体育,武磊谈江苏队解散：为球队惋惜 球员努力会被记得
体育,足协公布六项社会足球保障措施，未来有这些目标
体育,莱万预计伤停四周，或无缘欧冠拜仁与大巴黎之战
体育,探访冬残奥会国家集训队训练
体育,国足上海集训备战世预赛
体育,“骑行赏花”共享春光 第三届环长三角自行车赛歙县站火热开赛
体育,国足球员体脂率达8%至9%，别再叫他们白斩鸡了！
体育,一直沉默的天津津门虎，上演中国足球极限反转大戏
体育,6支球队告别！“破”了的中国足球，还能立得起来吗？
体育,这座北极圈的岛屿，有世界上最美的足球比赛
体育,NBA交易汇总：奥拉迪波改换门庭 隆多加盟快船
体育,CBA进入卡位阶段 上海惨败深圳季后赛资格成疑
体育,广东等进入全运会女篮决赛圈 奥运组合队将同场竞技
体育,CBA观众入场安排出炉 季后赛预计开放2000以内坐席
体育,NBA名宿埃尔金-贝勒去世 八进总决赛却生涯无冠
体育,CBA四大高管回应多项热点 CEO张雄详解裁判问题
体育,中国足协：新赛季中超联赛将于4月20日举行
体育,陈戌源说中国足球要让百姓看到希望，希望这不是FLAG
体育,欧足联：欧洲杯单场每支球队可更换5名替补 
体育,减少冲动消费纠纷！北京健身房设置七天冷静期
体育,一波三折！东京奥运会火炬大阪传递或因疫情取消
体育,首局仅得8分！迈阿密站大坂直美23连胜遭终结
体育,MLB中国媒体版权迎升级 多方助力中国棒球发展
体育,减少冲动消费纠纷！北京健身房设置七天冷静期
体育,一波三折！东京奥运会火炬大阪传递或因疫情取消
体育,首局仅得8分！迈阿密站大坂直美23连胜遭终结
体育,大秧歌、爬树、舞龙……高校的体育课太带劲儿了！
体育,LPL公布春季赛常规赛奖项 RNG、EDG包揽最佳一阵
体育,世预赛C罗助葡萄牙逆转卢森堡 比利时大胜白俄罗斯
体育,2022年冬奥会北京赛区冰上场馆完成二次制冰
体育,防疫、特色、嘉年华 多地马拉松将鸣枪
体育,谷爱凌：北京冬奥有特殊意义 愿推动中国冰雪运动发...
体育,F1新赛季难逃疫情阴影 揭幕战12人新冠检测阳性
体育,LPL公布春季赛常规赛奖项 RNG、EDG包揽最...
体育,东京奥组委宣布残奥会火炬接力范围仅限东京周边地区
体育,“相约北京”冰上项目测试活动4月举办 涉7项赛事...
体育,“相约北京”冰上项目测试活动即将开始 六大目标同...
体育,郑开马拉松：45000人将角逐郑汴 首次无外籍选...
体育,中国足协：新赛季中超联赛将于4月20日举行
体育,陈戌源说中国足球要让百姓看到希望，希望这不是FLAG
体育,欧足联：欧洲杯单场每支球队可更换5名替补 
体育,减少冲动消费纠纷！北京健身房设置七天冷静期
体育,一波三折！东京奥运会火炬大阪传递或因疫情取消
体育,首局仅得8分！迈阿密站大坂直美23连胜遭终结
体育,MLB中国媒体版权迎升级 多方助力中国棒球发展
体育,足协主席说，中国足球要让老百姓看到希望
体育,足协主席说，中国足球要让老百姓看到希望
体育,柯洁称AI让围棋失去当年美感：我不希望它出现
体育,柯洁称AI让围棋失去当年美感：我不希望它出现
文化,解读经典著作文化魅力 《张其成全解黄帝内经》首发 
文化,中西比较|“奇妙”的南北朝：北政制 南礼乐
文化,“童增书简”收录近百封索赔信 揭示日本侵华细节 
文化,上海：“大师剧”成校园文化新风尚
文化,内蒙古推武安州辽塔修缮工作 将启动塔基考古发掘工作
文化,长篇小说《艺术之眼》首次翻译出版
文化,一首《十送红军》为何总让人热泪盈眶
文化,当“明星文物”遇上甜点，跨越千年的味道你想尝尝吗？
文化,艺术家对话科学家：艺术与科技并不对立 两者永远分不开
文化,甘肃文物鉴别师：触摸每一件藏品就是和历史“对话”
文化,文物频频“上新” 专家：传统文化与时代呼应焕发新魅力
文化,山西黎侯彩雕：“守”与“变”中唤醒老手艺
文化,包钢一号高炉被列入内蒙古重点文物保护单位
文化,当“明星文物”遇上甜点，跨越千年的味道你想尝尝吗？
文化,被“围观”的国际口足画家黄国富：用乐观激励更多人
文化,民间收藏家与他的“博物馆”：研究古绣背后的文化符号
文化,上海：“大师剧”成校园文化新风尚
文化,话剧《正阳书局》以书为媒聚焦京城小人物
文化,辽宁优秀文化外宣项目亮相孟加拉国
文化,张艺谋首部谍战片确定加入 电影五一档“阵容”耀眼
文化,当《珍珠塔》遇见象牙塔 经典锡剧将赴清华大学演出
文化,“火”出圈的“唐宫小姐姐”原来出自这里
文化,香港话剧团首推原创剧目普通话版 冀更多两地文化交流
文化,中央民族乐团献红歌音乐会 民族乐器焕发经典活力
文化,北京“十大建筑”：见证巍巍古都旧貌换新颜
文化,民间收藏家与他的“博物馆”：研究古绣背后的文化符号
文化,三星堆博物馆将建设新馆
文化,《万里走单骑》走进登封“天地之中”历史建筑群
文化,古代赘婿地位有多低？
文化,自然文学《北方有棵树》带领读者寻回错过的“周遭”
文化,“新青年·新势力”中国青年作家峰会：青年写作的文学航标何在？
文化,湖南文艺出版社携原创精品亮相2021北京图书订货会
文化,《走向乡村振兴》：用大历史观讲述中国脱贫故事
文化,青海省累计投入1.38亿元经费用于长城保护工程
文化,文学批评被批评？现实更要讲法纪
文化,中国专家：疫后文化遗产传播迎数字化剧变
文化,清明假期 颐和园等北京市属公园将推40项文化活动
文化,广东庆祝建党百年优秀影片展映展播启动
文化,系列图书致敬百岁翻译家许渊冲
文化,消费习惯日趋“线上化”？实体书店该如何应该对
文化,牛津《技术史》全译本亮相北京图书订货会
文化,合肥市庐剧院院长谈地方戏曲发展：突破区域局限 培养人才和观众
文化,甘肃文物鉴别师：触摸每一件藏品就是和历史“对话”
文化,陈鲁豫：我一天只吃三粒米？假的
文化,00后大学生传承非遗折纸 8000余件作品雕琢万千世界
文化,96岁王鼎钧：每个方块字像一块土 可以连成大地山河
文化,记者对话廖昌永：唱响中国的好声音
文化,阿什莉·奥德兰：成为母亲后，写下母职的另一面
文化,最新考古发现！西安发现周天子使用的宗庙
文化,又一次惊艳世人的三星堆遗址 有多少谜还没解开？
文化,三星堆8号坑发现可拼接青铜碎片 或为礼仪用器
文化,三星堆背后的考古经济 如何从一时热变一直热
文化,内蒙古推武安州辽塔修缮工作 将启动塔基考古发掘工作
文化,三星堆遗址考古重启 青铜神树：实物版的太阳神鸟传说
文化,为何要亲自参与文物提取？三星堆修复师：不止修复
文化,陕西出新规保护秦始皇陵 禁建山寨人造景观景点
文化,13种三星堆主题出版物将于今年推出
文化,日韩代表谈“东亚文化之都”绍兴：文化相通 是珍贵的邻居
文化,《大三国志展》展览在成都武侯祠博物馆开展
文化,女院士们勉励女青年投身工程科技事业
文化,《畅通双循环 构建新格局》： 专家学者助力解读新发展格局
文化,立足中日韩文旅交流 中国“东亚文化之都”工作机制成立
文化,看红色电影学百年党史 福建启动优秀影片展映活动
文化,几道题就能判定一个人的性格？心理学何以成为科学
文化,在找到这块化石前，这一植物已“漂泊”百年
文化,自然文学《北方有棵树》带领读者寻回错过的“周遭”
文化,“新青年·新势力”中国青年作家峰会：青年写作的文学航标何在？
文化,湖南文艺出版社携原创精品亮相2021北京图书订货会
文化,《走向乡村振兴》：用大历史观讲述中国脱贫故事
文化,青海省累计投入1.38亿元经费用于长城保护工程
文化,文学批评被批评？现实更要讲法纪
文化,中国专家：疫后文化遗产传播迎数字化剧变
文化,清明假期 颐和园等北京市属公园将推40项文化活动
文化,广东庆祝建党百年优秀影片展映展播启动
文化,系列图书致敬百岁翻译家许渊冲
文化,消费习惯日趋“线上化”？实体书店该如何应该对
文化,牛津《技术史》全译本亮相北京图书订货会
文化,最新考古发现！西安发现周天子使用的宗庙
文化,越剧走过115载春秋：发源地书写“守与望”
时政,公安部：清明假期期间道路交通安全风险复杂严峻
时政,教育部：不得在校园内通过举办讲座等销售课外读物
时政,教育部明确3个睡眠时间要求 小学生每天应睡10小时
时政,铁路清明小长假运输今日启动 预计发送旅客4970万人次
时政,对病毒溯源问题纠缠不休，美西方政客想干啥？
时政,“中国天眼”向全球开放使用 中国向世界抛出橄榄枝
时政,官方机构退出，剑桥通用英语五级考试会降温吗？
时政,新冠病毒疫苗接种问答来了！涉及34个关键问题
时政,国庆节，天安门广场为什么要摆放孙中山画像？
时政,烟雨西陵峡 水墨展灵秀
时政,清明假期将迎人员出行小高峰 专家：口罩不能摘
时政,习近平与革命文物“面对面”
时政,习近平：在党史学习教育动员大会上的讲话
时政,《求是》杂志发表习近平总书记重要文章 《在党史学习教育动员大会上的讲话》
时政,习近平同布隆迪总统恩达伊施米耶通电话
时政,跟着总书记长见识 | 福建之行第三天：城市建设-历史传承-企业创新
时政,习近平为何将实现“双碳”目标视作一场“系统性变革”？
时政,2021年全军面向社会公开招考文职人员工作全面展开
时政,锻造能打胜仗的特战尖兵——记武警广东总队机动支队某中队中队长彭星
时政,永不生锈的钢钉——走近海岛雷达兵心中的“红色前哨”
时政,跑赢山洪 重庆武警抢在水库决堤前成功封堵
时政,中央军委发布《中国共产党军队委员会政法委员会工作规定（试行）》
时政,武警营区里的“武林高手”
时政,参加首都义务植树，习近平揭示“好传统”的“新内涵”
时政,镜观中国 | 百年奋斗 致敬英雄
时政,交通运输部：全国高速公路网总流量将达1.51亿辆
时政,习近平向台湾列车出轨事故遇难同胞表示哀悼
时政,北京市累计报告接种新冠病毒疫苗1009.22万人
时政,各部门积极保障清明小长假出行
时政,播撒革命种子 谱写壮丽篇章
时政,让绿水青山永续增值(生态论苑)
时政,“老战友，日子越好，我越想念你们！”
时政,瞭望·治国理政纪事 | 心怀“国之大者”
时政,“双双破亿”彰显人民至上与大国担当
时政,在学党史中紧握时代“接力棒”
时政,把脱贫攻坚精神融入高校思想政治教育全过程
时政,搭建平台、优化环境、完善政策……让更多人才返乡创业
时政,从“红绿蓝”看雄安四年之变
时政,农业农村部：开展为期三个月“瘦肉精”专项整治行动
时政,官方回应数据隐私保护：正加紧制定出台相关法律
时政,官方明确小额贷款公司不得向大学生发放互联网消费贷
时政,国家市场监管总局倡议：线下购物七日无理由退货
时政,国家发改委：中国将继续降低落户门槛实现“愿落尽落”
时政,王凯任河南省人民政府副省长、代理省长
时政,郑新聪任福建省副省长
时政,王赋、蔡允革任重庆市政府副市长
时政,魏建锋任陕西省副省长
时政,云南省文山州人民医院原院长卢京接受监察调查
时政,用好义务教育评价“指挥棒” 建设高质量教育体系
时政,助困难家庭孩童顺利入园 努力实现“幼有所育”全覆盖
时政,教育部要求每日22:00到次日8:00不得为未成年人提供游戏服务
时政,教育部：小学生初中生平均睡眠分别为9.5和8.4小时
时政,教育部明确课外读物推荐主体和可选择推荐目录范围
时政,四部门：对农事用火、祭祀用火、野外吸烟等集中治理
时政,大型政论专题片《扫黑除恶——为了国泰民安》第六集《长治久安》
时政,上海：“在沪停留超24小时所有人员需强制登记”系误读
时政,不算总分注重多维指标 “双一流”建设成效这样评价
时政,彭士禄：中国核动力的“彭拍板”
时政,【中国共产党的“十万个为什么”】什么样的人才能加入中国共产党？
时政,国家森防办发布高森林火险橙色和红色预警
时政,从“红绿蓝”看雄安四年之变
时政,王毅同新加坡外长维文举行会谈
时政,外交部就美国等发声明质疑溯源报告、香港事务等答记者问
时政,参加首都义务植树，习近平揭示“好传统”的“新内涵”
时政,镜观中国 | 百年奋斗 致敬英雄
时政,交通运输部：全国高速公路网总流量将达1.51亿辆
时政,习近平向台湾列车出轨事故遇难同胞表示哀悼
时政,北京市累计报告接种新冠病毒疫苗1009.22万人
时政,各部门积极保障清明小长假出行
时政,播撒革命种子 谱写壮丽篇章
时政,让绿水青山永续增值(生态论苑)
时政,“老战友，日子越好，我越想念你们！”
时政,瞭望·治国理政纪事 | 心怀“国之大者”
时政,又一部新疆反恐纪录片播出，披露这些细节！
时政,专家：我国对疫苗实行最严格的管理制度
国际,·秘鲁逾57.2万人接种新冠疫苗 1.7万学校4月可复课
国际,·3月美南部边境17.1万无证移民被拘 创15年来新高
国际,·阿根廷总统新冠抗体检测结果呈阳性 发烧37.3度
国际,·意大利感染率略有下降 隔离者外出或面临罚款和刑罚
国际,·弗洛伊德案庭审：资深警员称跪颈“完全没有必要”
国际,秘鲁逾57.2万人接种新冠疫苗 1.7万学校4月可复课
国际,3月美南部边境17.1万无证移民被拘 创15年来新高
国际,过度使用武力、忽视防疫规定 美一拘留中心屡次违规
国际,意大利感染率略有下降 隔离者外出或面临罚款和刑罚
国际,希腊公布“开放”路线图 总理批欧盟疫苗计划部署
国际,俄一男子计划炸毁清真寺被捕 已准备炸弹制作指南
国际,南非：国防军成功撤离在莫桑比克被困南非公民
国际,美超1亿人接种新冠疫苗，“疫苗护照”陷政治化困扰？
国际,破坏面积相当于荷兰国土！2020年原始雨林损失加剧
国际,美国研究称新冠治愈者只需一针疫苗 法国第三波疫情高峰或将到来
国际,外媒称对新冠溯源报告的指责让结果失焦
国际,全球新冠死亡病例超280万 美国或出现第四波疫情
国际,国际述评：病毒溯源之路，与科学为伴
国际,荷兰议会未通过对吕特的不信任投票
国际,德国总统接种第一剂阿斯利康疫苗
国际,美国总统拜登之子出书谈“黑历史”
国际,美国“水门事件”幕后策划者利迪去世
国际,孟晚舟案聚焦美国引渡是否违法
国际,叙利亚总统夫妇感染新冠后康复 
国际,捷克首富在阿拉斯加坠机事件中身亡
国际,破坏面积相当于荷兰国土！2020年原始雨林损失加剧
国际,最新研究在南非内陆遗址发现早期现代人复杂行为证据
国际,《自然》最新论文揭秘压力如何影响毛发生长
国际,疫情下日本航空业者出招 现役波音777“变”餐厅 
国际,秘鲁逾57.2万人接种新冠疫苗 1.7万学校4月可复课
国际,通讯：疫情反弹 伊朗人踏青难
国际,3月美南部边境17.1万无证移民被拘 创15年来新高
国际,过度使用武力、忽视防疫规定 美一拘留中心屡次违规
国际,全球海运“保供”如何降风险
国际,日媒：全球股市市值创新高 市场过热现象日益严重
国际,阿根廷总统新冠抗体检测结果呈阳性 发烧37.3度
国际,阿根廷总统在社交网络发文称其新冠抗原检测呈阳性
国际,综合消息：中东疫情持续加剧 多国继续推进新冠疫苗接种
国际,第三波疫情来袭 加拿大人口最大省份“紧急刹车”
国际,美国变异新冠病毒确诊病例过万 巴基斯坦总统新冠检测阳性
国际,美国33个州新增确诊上升 英国超3000万人接种首剂新冠疫苗
国际,美国多州疫情抬头 官员称下周疫苗接种将获重大推动
国际,美超1亿人接种新冠疫苗，“疫苗护照”陷政治化困扰？
国际,美国疫情再现回升 拜登敦促各州防疫“别松劲”
国际,美国五角大楼批准开放得州军事基地收容流动儿童
国际,美国一些城市举行集会抗议针对亚裔的歧视和仇恨犯罪
国际,俄外交部：意大利驱逐俄外交人员不符合两国...
国际,莫桑比克北部连遭恐怖袭击 联合国严重关切
国际,内容火爆！拜登之子出书谈“黑历史”：酗酒...
国际,美跪杀案庭审：暴力执法遭批 警察辩称“他...
国际,亚裔女性遭袭无人施救，美仇亚犯罪因何不减...
国际,“明知故犯”？拜登的宠物狗再次咬了白宫工...
国际,缅甸军方宣布将全国范围内停火期限延长至4...
国际,疫情下日本航空业者出招 现役波音777“...
国际,苏伊士运河管理局：事故调查结束前搁浅货轮...
国际,居住成本和就业门槛高 韩半数大龄未婚者成...
国际,世卫组织呼吁达成新的国际条约以应对未来大流行病
国际,苏伊士运河堵塞反思：海运咽喉抗风险能力受关注
国际,苏伊士运河堵塞会让世界经济有多痛？
国际,联合国报告：新冠肺炎疫情致全球1.2亿人陷入极端贫困
国际,联合国粮农组织：20多国重度饥饿人数将飙升
国际,美国顶级智囊如何看美国经济？
国际,“杀手”与“祝您健康”：普京妙回拜登后，俄美关系如何走
国际,国际媒体关注中美高层战略对话：中美实质沟通的重要一步
国际,秘鲁逾57.2万人接种新冠疫苗 1.7万学校4月可复课
国际,通讯：疫情反弹 伊朗人踏青难
国际,3月美南部边境17.1万无证移民被拘 创15年来新高
国际,过度使用武力、忽视防疫规定 美一拘留中心屡次违规
国际,全球海运“保供”如何降风险
国际,日媒：全球股市市值创新高 市场过热现象日益严重
国际,阿根廷总统新冠抗体检测结果呈阳性 发烧37.3度
国际,阿根廷总统在社交网络发文称其新冠抗原检测呈阳性
国际,综合消息：中东疫情持续加剧 多国继续推进新冠疫苗接种
国际,弗洛伊德案庭审：资深警员称跪颈“完全没有必要”
国际,苏伊士运河仍有61艘船“排队” 有望3日全部通过
社会,北方地区平均沙尘日数11.5天 为2005年以来最多
社会,中国为何首次把粮食安全战略纳入五年规划？官方解读
社会,南京航空航天大学师生接种新冠疫苗
社会,中铁特货物流股份有限公司原总经理吴文宁接受审查调查
社会,河南鹤壁市人大常委会原副主任部圳东接受审查调查
社会,中国银行河南省分行党委委员、副行长周路接受审查调查 
社会,重庆市万盛经开区党工委副书记李川接受审查调查
社会,男子微信群聊中辱骂烈士王伟、侮辱烈士遗孀 已被刑拘
社会,部分用户错误投诉 快递员被扣罚的工资能要回来吗?
社会,60岁以上人群开放接种新冠疫苗 来听听专家怎么说
社会,片长17分钟，但这对英烈父子值得你看到最后
社会,祁连山南麓的渣山和露天矿坑：如何愈合巨大的伤疤
社会,不给钱就差评？这些敲诈勒索的“职业差评师”得管管
社会,社区工作人员冒领低保金172万 牵出系列低保贪污案
社会,乱象丛生悲剧频发 围猎大学生的“校园贷”迎强监管
社会,加速抢票陷阱：你想抢火车票，可能有人想抢你的钱
社会,最严“禁塑令”实施4个月 这些难题应该怎么破？
社会,情感主播直播调解：“骗子演、傻子买”？
社会,“七成孩子被动补课” 校内提质破解校外培训怪圈
社会,文旅部：加强旅游不文明行为惩戒 下大力纠治顽疾
社会,南京通报机场吸烟室冒烟：乘客将未熄灭烟头丢进烟灰桶
社会,公安部：清明假期期间道路交通安全风险复杂严峻
社会,今年北方地区平均沙尘日数11.5天 为2005年以来最多
社会,清明假期期间江南、云贵地区有阴雨 需加强火源管理
社会,山西警方摧毁一黑色产业链：解封QQ百万余次 涉电诈资金6亿元
社会,案值8000万元！广西破获特大走私香烟案 抓获11人
社会,假酒扫码结果竟然显示为“真”？扬州警方查获制售假酒团伙
社会,酒驾撞车拖行伤者1公里致死案罪犯被执行死刑
社会,广州番禺化龙镇明经村发生一宗刑事案件 造成人员伤亡
社会,壹图丨你敢对这些“职场潜规则”说不吗？
社会,轿车翻入河道 多位热心市民跳河救人
社会,字画像丨来自星星的孩子不孤独
社会,耄耋老人开设老年班无偿教英语：互相学习 共同进步
社会,因人体器官捐献志愿活动相识 他们举办了一场墓园婚礼
社会,如何保护青少年免于短视频直播平台伤害？报告提五点建议
社会,民航局对国航CA910航班、德国神鹰航空DE8442航班实施熔断
社会,临终关怀社工告诉你：生命的尽头也能用微光照亮
社会,抗癌博主“柱子哥”：背负着标签往前走
社会,走私钻石货值达2亿余元 主犯获刑11年罚金2300万元
社会,重庆市启动职业技能竞赛裁判员认证工作
社会,男子遭羁押150天事隔7年获判无罪 法院判赔8.9万元
社会,中国航空教育学会被民政部行政处罚 并列入异常名录
社会,求索“共富路”：民“安”之道 何以“吉”兮？
社会,山东临沂3岁男童在幼儿园意外死亡 警方已介入调查
社会,云南师宗一男子入室盗窃 中途犯困睡着了
社会,云南南涧发现鱼类新种——川河云南鳅
社会,土味视频、土味情话……席卷网络的土味究竟什么味？
社会,可乐当水喝 19岁胖小伙血糖爆表进ICU救命
社会,“魔方奶奶”通过魔方B段考级 创60岁以上盲拧最快世界纪录
社会,江西警方破获一起虚拟货币盗窃案 涉案金额超千万
社会,25岁“刮腻子女孩”火了 靠画壁画6天赚4万
社会,全国重点文物保护单位内建驾校练车场？官方责令整改
社会,河北张家口：百年京张铁路文物遗存保护现状堪忧
社会,“温水煮青蛙”透支未来 醒悟的年轻人正挣脱网贷泥沼
社会,搬家费1200涨价到1.8万？天价搬家费背后的强迫交易
社会,11岁男孩花10万余元买游戏账号 半小时消费8.78万元
社会,二手车经营店一夜被清空 市场方称“租赁到期”
社会,她搭上几个月时间 只为了举证学生作弊这件“小事”
社会,广东揭阳：扣押约5600吨涉问题钢材 抓获27名嫌疑人
社会,大龄自闭症患者父母：我们走后，孩子怎么办？
社会,外卖竟送上高速公路 点餐的、送餐的都遭罚
财经,中国为何首次把粮食安全战略纳入五年规划？官方解读
财经,报告：一季度中国新房找房热度同比上涨20.9%
财经,今年前2月新疆维吾尔自治区能源供应保障能力持续提升
财经,本周人民币兑美元中间价“四降一升” 累贬273点
财经,预计清明出游将达到1亿人次 景区需“预约限流”
财经,普惠小微企业贷款延期还本付息政策延至12月31日
财经,植发、文眉……新生代农民工成“外貌蜕变”新人群
财经,化妆品贴上“量子”标签 消费者谨防陷入黑科技骗局
财经,报告：一季度中国新房找房热度同比上涨20.9%
财经,货不对板维权困难 网购鲜花绿植请避开这些“坑”
财经,化妆品贴上“量子”标签 消费者谨防陷入黑科技骗局
财经,追“国货”赶“新潮”，你为“时尚”消费了吗？
财经,Z世代消费的价值与力量：从精致穷到消费主义逆行者
财经,网上可无抵押贷款？有人欲贷5万结果被骗12万
财经,楼市现“史上最热”一季度 但降温迹象已现
财经,赚阳间人的“阴间钱”？殡葬也应“走在阳光下”
财经,中国“花节”遍地开 如何盘活“花经济”？
财经,报告：一季度中国新房找房热度同比上涨20.9%
财经,字节跳动张一鸣：外部波澜起伏，内心平静如常
财经,万科郁亮：房地产行业逻辑变了 不再能赚大钱快钱
财经,万科总裁祝九胜：泰禾问题的解题钥匙仍在泰禾自身和债权人手中
财经,IMF总裁：预计全球经济增长好于预期但不确定性高
财经,报告：新能源车置换周期较短 在一线城市间流转明显
财经,报告：全球经贸摩擦形势严峻
财经,中央财政安排乡村振兴补助资金1561亿元
财经,1-2月中国发行地方政府债券4181亿元
财经,1-2月国有企业营业总收入101929.2亿元 同比增33.7%
财经,农业农村部：规范水产养殖用投入品 让群众吃到放心鱼
财经,养殖业的碳减排：开头肯定艰难 未来一定美好
财经,椰树又被立案调查！别让另类广告砸了招牌
财经,跨国药企跻身“上海市政府质量奖” 相关质量管理经验成行业参考
财经,押上人生全部的声誉！否认五年后，雷军造车！
财经,华为回应热点问题：事关芯片、手机、供应链、造车等
财经,中联重科2020年营收超651亿元 创历史最好水平
财经,售价上千成本不足10元，医美产品造假何时...
财经,中国“7000亿元”房企扩容 传递三大楼...
财经,深成指、创指均涨超1% 半导体、酿酒等板...
财经,七部门：扎实推进保健食品行业专项清理整治...
财经,生猪产能显著恢复市场供应充足 肉价连续九...
财经,“炒熊”买房？ 90后小心变“韭零后”
财经,粮食安全有保障：端牢中国饭碗，守住大国粮...
财经,央行一季度问卷调查显示：居民投资意愿上升
财经,殡葬业“生意经”：毛利率高企 有墓型一年...
财经,如何使用海南离岛免税购物政策购买免税品？...
财经,网络中国节·元宵节
财经,网络中国节·春节
财经,第五届“百幅网络正能量图片”活动获选作品
财经,中国企业年度汉字
财经,2020梦想加伙伴大会
财经,中国石油全线发力迎冬供
财经,2020北京大运河文化节
财经,赚阳间人的“阴间钱”？殡葬也应“走在阳光下”
财经,赚阳间人的“阴间钱”？殡葬也应“走在阳光下”
财经,中国“花节”遍地开 如何盘活“花经济”？
财经,中国“花节”遍地开 如何盘活“花经济”？
产经,VR/AR与TWS业务共振，双动力引擎实现业绩高增长
产经,晚熟脐橙上市 奉节脐橙产地价格有望转涨
产经,沃尔沃汽车面向全体员工推出24周带薪育儿假政策
产经,腾讯音乐娱乐集团《2020华语数字音乐年度白皮书》发布
产经,字节跳动张一鸣：外部波澜起伏，内心平静如常
产经,光大银行年报发布 普惠便民“名品”云缴费表现亮眼
产经,引领科技美学 长虹再获德国红点产品设计大奖
产经,中兴发布多款智能终端 打造全场景5G智能生活
产经,北京：6家涉嫌炒作学区房的中介门店被停业整改
产经,万科郁亮：房地产回归实业属性是明确的趋势
产经,大兴供地计划展现区域价值 把握纯商品房上车时机
产经,北京租房市场回归旺季 3月成交量环比涨幅超六成
产经,三部门联合排查经营贷违规入楼市 能否掐灭楼市过热这把火？
产经,社科院报告：一线城市未现房价接力上涨
产经,如果你实在不想北漂，那就选这12城生活吧！
产经,近百“喵星人”亮相常州“选美卖萌”
产经,陈漫长沙办个人摄影展 一线“明星”齐亮相
产经,Beautyberry 2021/2022秋冬系列在北京发布
产经,汾酒和华为、华润“玩”一起了，要推白酒黑科技？
产经,降本提效 京东科技智能人机交互技术的产业化实践
产经,国家超算济南中心科技园“超算经济”初见
产经,报告指城乡存在“数字鸿沟” 专家吁“新IT”智慧下乡
产经,高性能图计算是尖端科技下一个前沿
产经,看好中国经济前景 亚马逊云科技加大中国业务投入
产经,加速大屏升维 虹魔方获亚太OTT/IPTV大会两枚天工奖
产经,泛华观点：数字驱动产业升级 实现高质量发展
产经,今年前2月新疆维吾尔自治区能源供应保障能力持续提升
产经,“十四五”时期中国可再生能源发展将进入新阶段
产经,中国渤海油田启动“新优快”钻完井创新工程
产经,我国可再生能源开发利用规模稳居世界第一
产经,从石头缝里“挤”出油 页岩油开发刷新两项国内纪录
产经,中国石化催化剂公司明确“三步走”改革路径
产经,尚德机构：在线教育激发农村“造血”能力，助推乡村振兴...
产经,京东科技建立京津“生鲜产品快车道”，用科技助力抗疫
产经,健康中国糖尿病患者肾病早筛计划启动 将惠及800万患...
产经,滴滴金融获最佳应用场景奖 为数千万用户提供普惠服务
产经,石头扫拖机器人T7S系列正式发布 尽显国潮科技风采
产经,智能马桶这五年：中国制造下的华丽蜕变
产经,在世界最大室内滑雪场上做创新，这个一等奖名至实归
产经,中国智慧地产（第八届）高峰论坛举办 探讨行业新发展
产经,豹耳科技与福临门等品牌达成战略合作 打造多元化消费场...
产经,报告：3月份中国新房找房热度环比上涨36.7%
产经,财政部：2月份全国共销售彩票189.55亿元
金融,北京金融法院正式成立
金融,信贷供需两旺 结构不断优化——解读2月我国金融数据
金融,上市公司应建立内幕信息知情人登记管理制度
金融,在华外资银行保险机构数量稳步增长 总资产逾5万亿元
金融,财政部公布2021年第二季度国债发行计划
金融,0元财商课靠谱吗？体验良莠不齐，诱导销售值得关注
金融,A股五大险企2020年日赚6.89亿 净利增速均未转正
金融,恒指微跌 滔搏领跌服装零售商板块
金融,腾讯2020年营收逼近5千亿 网络游戏收入增长36%
金融,上海中招新政发布一周 学区房价格暂未出现拐点
金融,A股午盘震荡走高：创指涨1.58%，近2300只股飘红
金融,A股三大指数高开 白酒、半导体股领涨
金融,美股集体收涨!标普指数首破4000点创新高,中概股优信涨超68%
金融,三大指数午盘收红：创指涨逾1% 半导体板块领涨
金融,财政部公布2021年第二季度国债发行计划
金融,A股低开高走：创指半日涨逾1% 军工、石化板块领涨
金融,A股三大指数小幅低开 风电、新能源股回调
金融,超百家险企披露去年个人短期健康险综合赔付率
金融,要当心了！你报名的网络理财速成课可能变“劫财课”
金融,张坤成“菜菜坤”、春春也不香了，基金咋不赚钱了？
金融,新三板将推出精选层再融资制度和精选层指数
金融,A股公司分拆上市持续升温 医药生物企业多达11家
金融,常态化退市越走越近 今年已有8家公司触发“1元退市”
金融,最贵的奶茶要上市，一杯卖40多元却三年亏上亿
金融,以岭药业2020年业绩翻倍增长 Q4单季增长超过500%
金融,资本市场加快健全“四梁八柱” 助力高标准市场体系建设
金融,爱康战略合作伙伴诺辉健康香港成功上市
金融,快手登陆港交所：六位用户敲响开市锣 开盘大涨193%
金融,金控公司高管们注意：要备案管理了！
金融,金融持续助力区域协调发展
金融,A股三大指数高开 白酒、半导体股领涨
金融,外资金融机构布局按下“快进键”
金融,央行：所有贷款产品应明示年化利率
金融,兴业银行1663亿绿色融资联结“高颜值”“高素质”新福建
金融,央行开展100亿元逆回购操作
金融,华南首家！中国银行“5G智能+”湾区馆在广州亮相
金融,证监会修订行政处罚委组织规则 优化“查审分离”体制
金融,银保监会启动人身保险行业佣金制度调研
金融,银保监会：3898家农村中小银行全部完成机构自查和监管检查
金融,银保监会：保险业偿付能力充足率保持在合理区间
金融,黄益平：金融监管改革迫在眉睫
金融,金控公司高管们注意：要备案管理了！
金融,金融持续助力区域协调发展
金融,A股三大指数高开 白酒、半导体股领涨
金融,外资金融机构布局按下“快进键”
金融,央行：所有贷款产品应明示年化利率
金融,兴业银行1663亿绿色融资联结“高颜值”“高素质”新福建
金融,央行开展100亿元逆回购操作
金融,华南首家！中国银行“5G智能+”湾区馆在广州亮相
金融,A股三大指数高开 白酒、半导体股领涨
金融,金融持续助力区域协调发展
汽车,途虎养车与埃克森美孚再携手 多款产品强势上线
汽车,汽车芯片断供潮风波再起 十余家传统车企按下暂停键
汽车,第三代Honda CONNECT正式发布：这一程 更智能
汽车,宝马在中国发展高层论坛倡导开放合作和可持续发展
汽车,小鹏NGP 3000公里远征挑战发车 用智能汽车丈量中国
汽车,北京：2021年度原则上不配置汽车租赁小客车指标
汽车,浙江省消保委发布汽车投诉调查：存在八大服务乱象
汽车,2月中国汽车出口刷新当月历史记录
汽车,途虎养车与埃克森美孚再携手 多款产品强势上线
汽车,传祺EMPOW中文名发布 影豹1.5T零百加速6.95秒
汽车,汽车芯片断供潮风波再起 十余家传统车企按下暂停键
汽车,押金退费难、员工离职潮 共享汽车市场遇寒冬？
汽车,WEY品牌坦克300致敬莫奈限定版上市售价22万元
汽车,T3出行女司机：用女性力量，护航乘客安全出行
汽车,一骑当先“潮”你而来 哈弗赤兔官图正式公布
汽车,上汽大众全新纯电SUVID.4 X上市交付
汽车,车企赚钱靠兼职：买股票卖房产 造手机造飞机
汽车,跨界造车热潮再起 究竟会后发制人，还是误入歧途？
汽车,中国汽车在厄瓜多尔赢得口碑
汽车,1月份汽车销量同比增长31.9% 热销势头能否持续
汽车,易车新TVC玩转AI换脸 沈腾魔性演绎买车“人间值得”
汽车,花生好车“三步棋” 领跑汽车新零售主赛道
汽车,“雪佛兰·红粉笔乡村教师扶持计划”正式启动
汽车,巨头各出奇招纷纷造车 外行跨界造车胜算几何？
汽车,智能网联汽车发展已到战略转折点 产业链各端强势突围
汽车,豪气分红再现！江铃汽车分红额超净利股价涨停 有公司却收关注函
汽车,大众DQ400e变速器获评“龙蟠杯”第四届世界十佳变速器
汽车,打造10万级科技头等舱 广汽埃安AION Y正式预售
汽车,途虎养车与埃克森美孚再携手 多款产品强势上线
汽车,传祺EMPOW中文名发布 影豹1.5T零百加速6.95秒
汽车,汽车芯片断供潮风波再起 十余家传统车企按下暂停键
汽车,汽车消费类纠纷易发 买车擦亮双眼入手精挑细选
汽车,上海制定非机动车管理地方法规 外卖平台企业将受监管
汽车,花生好车“三步棋” 领跑汽车新零售主赛道
汽车,“雪佛兰·红粉笔乡村教师扶持计划”正式启动
汽车,巨头各出奇招纷纷造车 外行跨界造车胜算几何？
汽车,智能网联汽车发展已到战略转折点 产业链各端强势突围
汽车,豪气分红再现！江铃汽车分红额超净利股价涨停 有公司却收关注函
汽车,大众DQ400e变速器获评“龙蟠杯”第四届世界十佳变速器
汽车,打造10万级科技头等舱 广汽埃安AION Y正式预售
汽车,途虎养车与埃克森美孚再携手 多款产品强势上线
汽车,传祺EMPOW中文名发布 影豹1.5T零百加速6.95秒
汽车,汽车芯片断供潮风波再起 十余家传统车企按下暂停键
汽车,汽车消费类纠纷易发 买车擦亮双眼入手精挑细选
汽车,上海制定非机动车管理地方法规 外卖平台企业将受监管
港澳,黎智英等7人被裁定组织及参与未经批准集结两罪成
港澳,驻港公署正告美驻港官员：停止干预香港事务和中国内政
港澳,董建华：协力开拓香港由乱到治、由治到兴的黄金时代
港澳,判处有罪！香港法庭再没有黎智英的“免罪金牌”
港澳,香港和日本推出跨币证券交易货银两讫联网
港澳,香港教育局公布高中四个核心科目的优化措施
港澳,乱港分子林卓廷还押中辞任北区区议员
港澳,港府强烈反对美国所谓“报告”对香港特区的评论
港澳,香港社会各界及舆论：坚决拥护和支持完善选举制度
港澳,黎智英官司缠身之际 壹传媒高层再突发变动
港澳,香港多位司局长向各界阐释完善选举制度 争取各方支持

港澳,香港举办青年招聘会 提供逾800个大湾区职位空缺
港澳,判处有罪！香港法庭再没有黎智英的“免罪金牌”
港澳,香港教育局公布高中四个核心科目的优化措施
港澳,黎智英等7名被告涉及组织及参与非法集结罪名成立
港澳,乱港分子林卓廷还押中辞任北区区议员
港澳,港府强烈反对美国所谓“报告”对香港特区的评论
港澳,香港社会各界及舆论：坚决拥护和支持完善选举制度
港澳,专家解读香港改革选举制度：“政改五步曲”不再适用
港澳,刘显法：全力支持澳门扩大对外交往
港澳,赵式庆：“爱国者治港”不容置疑
港澳,廖启智被曝罹患胃癌一度病危
港澳,梁振英提质疑：为何内地赴港人士仍要隔离
港澳,香港回归——“一国两制”从伟大构想到生动现实
港澳,香港特区立法会通过皇岗口岸“一地两检”后续工作议案
港澳,张建宗鼓励香港青年突破局限 善用粤港澳大湾区机遇
港澳,港府大湾区招聘会吸引年轻人 市民：希望能有机会尝试
港澳,粤港澳将共同推进实施大湾区文化和旅游发展规划
港澳,在粤香港青年：“爱国者治港”势在必行
港澳,保“一国两制” 促安定繁荣——访香港特区行政长官林郑月娥
港澳,方寸之间展现“东方之珠”
港澳,进一步推动香港良政善治行稳致远
港澳,香港特首林郑月娥：香港新冠疫苗有“护照”呼吁市民尽快接种
港澳,澳门春季书香文化节开幕 特设中共建党百年专区
港澳,最新一批30万剂复必泰新冠疫苗运抵香港
港澳,曾国卫：正拟订有关选举委员会“内地港人团体代表”组成工作
港澳,梁振英将担任大湾区国际信息科技协会主席
港澳,香港海关检获7300万港元怀疑毒品 拘捕一25岁男子
港澳,广东东莞搭建港澳青年大湾区创业新平台首批企业入驻
港澳,香港首个古典刀剑文化主题多媒体展散发冷兵器温度
港澳,香港6名健身房职员因威吓顾客被判同类案件最高刑罚
港澳,生命科学与人工智能创新论坛在澳门举行
港澳,香港海关检获7300万港元怀疑毒品 拘捕一25岁男子
港澳,澳门特别行政区与韩国签订的《移交逃犯协定》和《刑事司法协助协定》生效
港澳,香港建制派政团：中央完善选举制度符合各界期望 将全力配合本地立法
港澳,香港连续3天报告新冠肺炎本地感染病例
港澳,香港教育局公布高中四个核心科目的优化措施
港澳,港府强烈反对美国所谓“报告”对香港特区的评论
港澳,香港特区政府强烈反对美国国务院人权报告
港澳,港中大研究：优化肠道微生态有望提升接种新冠疫苗安全及成效
港澳,林郑月娥发表公开信表示支持完善香港选举制度
港澳,香港社会各界：中央完善选举制度为香港实现良政善治提供制度保障
港澳,香港和日本推出跨币证券交易货银两讫联网
港澳,黎智英官司缠身之际 壹传媒高层再突发变动
港澳,中国人民银行在香港成功发行50亿元人民币央行票据
港澳,“香港经济峰会2021”举行 聚焦疫后香港经济如何复苏
港澳,香港劳工及福利局局长：香港失业率再上升的机会不高
港澳,香港回归十五年大事记
港澳,邓小平关于“一国两制”的谈话
港澳,香港的割让与香港问题谈判、回归
港澳,学者解读香港问题：理解中国的钥匙
港澳,香港特别行政区基本法
港澳,澳门特别行政区基本法
港澳,香港特别行政区驻军法
港澳,澳门特别行政区驻军法
港澳,都市民俗 别样风景:扫描香港潮州人"盂兰胜会"
港澳,澳门年俗:谢灶 利市 开年
港澳,典当行：澳门别样的风景
港澳,澳门有这样一个公休日——浴佛节
港澳,中葡关于澳门问题的联合声明
港澳,中英关于香港问题的联合声明
港澳,回归后香港涉台问题基本原则政策
港澳,回归后澳门涉台问题基本原则政策
港澳,保“一国两制” 促安定繁荣——访香港特区行政长官林郑月娥
港澳,方寸之间展现“东方之珠”
港澳,进一步推动香港良政善治行稳致远
港澳,香港特首林郑月娥：香港新冠疫苗有“护照”呼吁市民尽快接种
港澳,澳门春季书香文化节开幕 特设中共建党百年专区
港澳,最新一批30万剂复必泰新冠疫苗运抵香港
港澳,曾国卫：正拟订有关选举委员会“内地港人团体代表”组成工作
港澳,梁振英将担任大湾区国际信息科技协会主席
台湾,台铁出轨事故30名罹难者身份确认 受损列车车厢陆续被拉出
台湾,台铁脱轨事故致41人无生命迹象 或为台铁近40年最严重事故
台湾,国台办：对台铁出轨事故造成的伤亡人员表达哀悼和慰问
台湾,数名台胞浙江台州寻根认亲：两岸同根今圆“回家梦”
台湾,台媒：台铁一列车出轨 36人无生命迹象72人等待救援
台湾,台媒：台铁一列车发生出轨事故 23人送医4人无生命迹象
台湾,台盟中央2021年对台联络重点工作推进会在皖举行
台湾,马英九吴敦义出境限令将到期 岛内猜测其会否“登陆”
台湾,台媒：台铁一列车出轨 36人无生命迹象72人等待救援
台湾,台商深耕大陆30年：“是选对了地方”
台湾,国台办：对台铁出轨事故造成的伤亡人员表达哀悼和慰问
台湾,马英九吴敦义出境限令将到期 岛内猜测其会否“登陆”
台湾,“台独立委”炒作大陆动画搞“文化统战” 被网民讽刺
台湾,国台办：民进党当局在涉港问题上一贯颠倒黑白、恶意抹黑
台湾,国台办：民进党当局“放空炮”解决不了问题
台湾,“台独”碰瓷雍正说“台湾自古不属中国” 网友痛批
台湾,岛内有人炒作“帕劳总统带美国大使访台” 专家解读
台湾,台湾青年在榕创建“第一云家园”
台湾,台胞获省级“三八红旗手”称号
台湾,“两岸夫妻”甜蜜的厨艺比拼
台湾,台盟中央2021年对台联络重点工作推进会在皖举行
台湾,台商深耕大陆30年：“是选对了地方”
台湾,两岸青年座谈研讨 聚焦新媒体行业发展
台湾,台媒提问大陆如何看待“中华民国”？ 国台办回应
台湾,台胞陈文仁：骑行祖国大陆 增进两岸交流
台湾,涉农林台胞台企：“农林22条措施”帮助大 盼尽快落实
台湾,闽台李氏宗亲文化交流 增进两岸同胞情谊
台湾,太鲁阁号是个怎样的列车，台湾铁路状况如何？
台湾,台铁太鲁阁号事故疑点待厘清 肇事人交保检方不服提抗告
台湾,台铁列车脱轨事故造成重大伤亡 台湾今日起连续3天降半旗追思
台湾,台媒：台铁事故丧生司机2018年躲过另一列车出轨事故
台湾,台铁出轨事故30名罹难者身份确认 受损列车车厢陆续被拉出
台湾,台湾陆委会：台铁列车事故中有一名大陆学生轻微擦伤
台湾,50死146伤：台湾铁路发生惨重交通事故
台湾,台铁召开记者会：不排除死亡数字增加的可能 抚恤工作已展开
台湾,国台办：正告民进党不要在涉港问题上继续积累罪恶
台湾,台盟中央就台铁出轨事故向台湾乡亲致慰问信
台湾,台铁“太鲁阁号”脱轨事故酿51人死亡 年龄最小罹难者6岁
台湾,台盟中央就台铁出轨事故向台湾乡亲致慰问信
台湾,台铁脱轨事故致41人无生命迹象 或为台铁近40年最严重事故
台湾,台媒：台铁一列车出轨 36人无生命迹象72人等待救援
台湾,台媒：台铁一列车发生出轨事故 23人送医4人无生命迹象
台湾,恫吓挺新疆棉花的台湾艺人 民进党被批道德勒索
台湾,阿里山山火烧了5天 岛内学者：不排除是人祸
台湾,安心！信心！——台胞台企谈农地林地经营权同...
台湾,港澳台·时评：停止兜售美台勾连的“政治私货...
台湾,台媒：台铁一列车出轨 36人无生命迹象72...
台湾,数名台胞浙江台州寻根认亲：两岸同根今圆“回...
台湾,台铁脱轨事故致41人无生命迹象 或为台铁近...
台湾,台铁列车出轨事故罹难人数上升至48人
台湾,台铁列车出轨事故：罹难人数上升至48人 涉...
台湾,全国台联向台铁事故伤亡乡亲同胞表达哀悼和慰...
台湾,国台办、海协会对台铁列车出轨事故伤亡台胞及...
台湾,光影跨越海峡  We爱·第五届两岸青年短片...
台湾,拟承认大陆疫苗？民进党还在玩文字游戏
台湾,跟风抹黑新疆棉花 民进党当局打错了算盘
台湾,港台腔：台美“合作再+1”？只是“卖台+1”！
台湾,时评：“台湾不是中国一部分”是十足谬论
台湾,“台独”还搞威胁恐吓那一套？不管用了！
台湾,太鲁阁号是个怎样的列车，台湾铁路状况如何？
台湾,台铁太鲁阁号事故疑点待厘清 肇事人交保检方不服提抗告
台湾,台铁列车脱轨事故造成重大伤亡 台湾今日起连续3天降半旗追思
台湾,台媒：台铁事故丧生司机2018年躲过另一列车出轨事故
台湾,台铁出轨事故30名罹难者身份确认 受损列车车厢陆续被拉出
台湾,台湾陆委会：台铁列车事故中有一名大陆学生轻微擦伤
台湾,50死146伤：台湾铁路发生惨重交通事故
台湾,台铁召开记者会：不排除死亡数字增加的可能 抚恤工作已展开
台湾,国台办：正告民进党不要在涉港问题上继续积累罪恶
台湾,台盟中央就台铁出轨事故向台湾乡亲致慰问信
台湾,台铁“太鲁阁号”脱轨事故酿51人死亡 年龄最小罹难者6岁
台湾,台盟中央就台铁出轨事故向台湾乡亲致慰问信
华人,“2021全球华人新春手机摄影大赛”颁奖礼潮州举行
华人,福建省宁德市促发挥港澳台同胞和海外侨胞优势加快发展
华人,美国华裔美食作家捐款助力小商家 华埠餐馆表感谢
华人,澳大利亚留学服务中介帮中国学生模拟体验留学生活
华人,纽约多条地铁线恢复正常班次 华人忧出行安全
华人,对抗反亚裔暴力 纽约市议员华裔参选人探讨应对手段
华人,旧金山华裔自愿参与唐人街巡逻 维护华埠治安
华人,青海侨联“技能团”为乡村振兴送去“金点子”
华人,旅韩大熊猫“爱宝”享受午后闲暇时光 打滚撒娇呆萌可爱
华人,福州：台商台青关爱“星星孩子”
华人,维也纳等三州执行封禁措施 驻奥地利使馆提醒做好个人防护
华人,驻曼彻斯特总领馆发布领区内指定检测机构的相关通知
华人,阿比让机场法航人员接中方通知阻止中国公民回国？驻科特迪瓦使馆：不实信息
华人,外交部提醒中国公民近期暂勿前往巴勒斯坦加沙地带
华人,新加坡：外籍劳工履行居家通知 雇主无需缴纳外劳税
华人,欧洲时报评论：华人反歧视是“抗疫”持久战
华人,行走中国·2021海外华文媒体高层重庆行将于3月22日启动
华人,亚特兰大枪击案6名亚裔身亡 美国各界谴责仇恨犯罪
华人,日本共同社：2月访日外国游客同比大减99.3%
华人,侨报：纽约州扩大新冠疫苗接种范围 再增10个接种点
华人,海外华媒人：“爱国者治港”确保“一国两制”实践行稳致远
华人,新西兰政府拟将移民政策权力法案效力延长至2023年
华人,海外华侨华人：完善香港选举制度得民心破乱局
华人,洛杉矶县警告居民防范各类新冠肺炎疫苗相关诈骗
华人,华侨华人请注意！4月起这些新规将实施
华人,歌曲煽动抢劫华人！侨胞为何总被劫匪盯上？如何防范？
华人,“2021全球华人新春手机摄影大赛”颁奖礼潮州举行
华人,福建省宁德市促发挥港澳台同胞和海外侨胞优势加快发展
华人,“春苗行动”在海外多国“落地生根”
华人,美国华裔美食作家捐款助力小商家 华埠餐馆表感谢
华人,澳大利亚留学服务中介帮中国学生模拟体验留学生活
华人,纽约多条地铁线恢复正常班次 华人忧出行安全
华人,中国民航局对卢旺达航空公司再次实施熔断措施
华人,对抗仇恨犯罪 旧金山华人拍视频传递心声
华人,驻南非使馆提醒旅南侨胞假期注意防疫和安全
华人,对抗反亚裔暴力 纽约市议员华裔参选人探讨应对手段
华人,美国旧金山一华人餐厅遭威胁 女店主称夜夜难眠
华人,行走中国·2021海外华文媒体高层重庆行活动圆...
华人,重庆两江新区以“绿色”促创新开放引海外华媒点赞
华人,驻芬兰使馆提醒中国公民防范假冒使领馆名义电信诈...
华人,中领馆提醒在美中国公民警惕针对亚裔的歧视和暴力
华人,连云港与马来西亚以侨为桥加强“一带一路”合作
华人,传承千余年  侨乡汕头“潮阳鲎粿”风味创新
华人,驻德国使馆提醒中国公民入境德国前须进行核酸检测
华人,加拿大华人发声谴责针对亚裔的种族歧视
华人,马来西亚古来潮州会馆召开会员大会 通过四项提案
华人,海外华侨华人：完善香港选举制度得民心破乱局
华人,日本立命馆大学与职介所签约 防止留学生就业掉队
华人,美国多所大学不要求提供SAT和ACT成绩 申请量大增
华人,这些国家移民和出入境政策有了新变化 侨胞需注意
华人,安哥拉延长不在安的外国公民永久居留相关文件有效期
华人,“2021全球华人新春手机摄影大赛”颁奖礼潮州举行
华人,福建省宁德市促发挥港澳台同胞和海外侨胞优势加快发展
华人,“春苗行动”在海外多国“落地生根”
华人,美国华裔美食作家捐款助力小商家 华埠餐馆表感谢
华人,澳大利亚留学服务中介帮中国学生模拟体验留学生活
华人,浙江侨乡青田“云”聘百名华侨华人 面向全球推介家乡
华人,浙江文成“侨贤”归故里 乐在青山绿水间
华人,连云港与马来西亚以侨为桥加强“一带一路”合作
华人,歌曲煽动抢劫华人！侨胞为何总被劫匪盯上？如何防范？
华人,“2021全球华人新春手机摄影大赛”颁奖礼潮州举行
华人,福建省宁德市促发挥港澳台同胞和海外侨胞优势加快发展
华人,“春苗行动”在海外多国“落地生根”
华人,美国华裔美食作家捐款助力小商家 华埠餐馆表感谢
华人,澳大利亚留学服务中介帮中国学生模拟体验留学生活
华人,纽约多条地铁线恢复正常班次 华人忧出行安全
华人,中国民航局对卢旺达航空公司再次实施熔断措施
华人,对抗仇恨犯罪 旧金山华人拍视频传递心声
华人,驻南非使馆提醒旅南侨胞假期注意防疫和安全
华人,对抗反亚裔暴力 纽约市议员华裔参选人探讨应对手段
华人,美国旧金山一华人餐厅遭威胁 女店主称夜夜难眠
娱乐,除了探案，我们看推理综艺的时候在看些什么
娱乐,汤姆和杰瑞、周子舒和温客行 双主角成近年影视剧新卖点
娱乐,从名主持到综艺“特工” 田源四十不惑再出发
娱乐,《上班啦！妈妈》开机 展现职场妈妈多面生活
娱乐,白敬亭：跳出青春剧的“框”
娱乐,虚拟偶像市场，瓶颈在哪里？
娱乐,陈佩斯：大家都明白了喜剧是怎么回事，这事儿就好办了
娱乐,《欢乐喜剧人7》总决赛落幕 秦霄贤宋晓峰获总冠军
娱乐,W8VES“春浪游园会”举办 沙一汀阿达娃首唱新歌
娱乐,《爱的理想生活》收官 王瑞欣回应人设争议
娱乐,增重17公斤，白敬亭在新戏里过了一把“体育瘾”
娱乐,钢琴家郎朗：走过“至暗时刻”，人生是一场马拉松
娱乐,悬疑网剧《黑金风暴》开机 部分案件改编自真实事件
娱乐,W8VES“春浪游园会”举办 沙一汀阿达娃首唱新歌
娱乐,11年了，《阿凡达》为啥还是最能打的3D电影？
娱乐,《少年的你》入围奥斯卡 华语电影这次能“冲奥”成功吗？
娱乐,钢琴家郎朗：走过“至暗时刻”，人生是一场马拉松
娱乐,编剧谈网络电影《布娃娃》：没有明星，但很接地气
娱乐,《粉红女郎》播出18年后，国产剧都市女性变了吗？
娱乐,白敬亭：跳出青春剧的“框”
娱乐,《爱的理想生活》收官 王瑞欣回应人设争议
娱乐,阎鹤祥：相声行业在内卷
娱乐,张哲瀚：我从来都不相信一夜之间爆红的事
娱乐,蔡琴不了情2016佛山经典金曲演唱会
娱乐,非常林奕华25周年·第56部原创作品 舞台剧《心之侦探》
娱乐,开心麻花经典爆笑舞台剧—乌龙山伯爵
娱乐,经典原版音乐剧《人鬼情未了Ghost—The Musical》/a>
娱乐,张惠妹"乌托邦part.2 庆典"UTOPIA CARNIVAL 演唱会
娱乐,大型魔幻惊悚话剧《盗墓笔记II：怒海潜沙》
娱乐,谭盾：在传统文化中找寻渗透未来的因素
娱乐,黄子韬忆父泪洒舞台：我要把更多开心带给大家
娱乐,《悬崖之上》曝“深渊冷枪”海报 于和伟、倪大红率反派阵容霸气亮相
娱乐,《上线吧！华彩少年》周深开唱 黄子韬回忆父亲落泪 
娱乐,际遇仙山琼阁，《万里走单骑》走进武当山古建筑群
娱乐,陈佩斯导师课实践“无实物表演”教学，郭德纲继“他还是个孩子”之后为何再cue郭麒麟
娱乐,张国荣逝世18周年：长情的缅怀是“想你”
娱乐,聚焦孤独症患者，公益电影《梦想森林》在京举行观影活动
娱乐,时代精神的锻造与传递，《经典咏流传》以英雄主义浸润人心
娱乐,汤姆和杰瑞、周子舒和温客行 双主角成近年影视剧新卖点
娱乐,《觉醒年代》“破圈”启示：主旋律必须坚持“真”
娱乐,哥斯拉大战金刚，导演为何偏向“愣小子”？
娱乐,《大宋宫词》开播 再现古画《韩熙载夜宴图》
娱乐,《后翼弃兵》等获2021美国编剧工会奖
娱乐,电视剧《海洋之城》将播 张翰、王丽坤等主演
娱乐,同是宅斗剧 “锦心”为何不如“知否”香？
娱乐,《上线吧！华彩少年》周深开唱 黄子韬回忆父亲落泪 
娱乐,《上班啦！妈妈》开机 展现职场妈妈多面生活
娱乐,《上线吧！华彩少年》的亮眼与出色
娱乐,《欢乐喜剧人7》总决赛落幕 秦霄贤宋晓峰获总冠军
娱乐,观众与网友感“扫兴” 提词器成综艺节目“原罪”？
娱乐,《同一屋檐下》探索“剧式综艺”新玩法
娱乐,《金牌喜剧班》英达班开课 再现“葛优躺”名场面
娱乐,纪录电影《进城记》在京首映 真实记录异地扶贫搬迁后续帮扶之路
娱乐,悬疑网剧《黑金风暴》开机 部分案件改编自真实事件
娱乐,汤姆和杰瑞、周子舒和温客行 双主角成近年影视剧新卖点
娱乐,总台融媒体清明特别节目《多情的土地》：一抔五色土，溯回千年文化记忆
娱乐,时代精神的锻造与传递，《经典咏流传》以英雄主义浸润人心
娱乐,《上班啦！妈妈》开机 展现职场妈妈多面生活
娱乐,陈佩斯导师课实践“无实物表演”教学，郭德纲继“他还是个孩子”之后为何再cue郭麒麟
娱乐,际遇仙山琼阁，《万里走单骑》走进武当山古建筑群
娱乐,张艺谋首部谍战大片，来了！
娱乐,王宥钧为拍戏学习击剑：能培养新技能是一种财富
娱乐,谭盾：在传统文化中找寻渗透未来的因素
娱乐,黄子韬忆父泪洒舞台：我要把更多开心带给大家
娱乐,《悬崖之上》曝“深渊冷枪”海报 于和伟、倪大红率反派阵容霸气亮相
娱乐,《上线吧！华彩少年》周深开唱 黄子韬回忆父亲落泪 
娱乐,际遇仙山琼阁，《万里走单骑》走进武当山古建筑群
娱乐,陈佩斯导师课实践“无实物表演”教学，郭德纲继“他还是个孩子”之后为何再cue郭麒麟
娱乐,张国荣逝世18周年：长情的缅怀是“想你”
娱乐,聚焦孤独症患者，公益电影《梦想森林》在京举行观影活动
娱乐,时代精神的锻造与传递，《经典咏流传》以英雄主义浸润人心
娱乐,除了探案，我们看推理综艺的时候在看些什么
娱乐,虚拟偶像市场，瓶颈在哪里？
体育,2023年女足世界杯举办城市确定 决赛将在悉尼举行
体育,国足四十强赛剩余赛程出炉 首场五月底迎战关岛
体育,孙杨案重审听证会5月下旬进行 以线上视频形式进行
体育,欧足联：欧洲杯单场每支球队可更换5名替补 
体育,减少冲动消费纠纷！北京健身房设置七天冷静期
体育,一波三折！东京奥运会火炬大阪传递或因疫情取消
体育,首局仅得8分！迈阿密站大坂直美23连胜遭终结
体育,世预赛德国主场爆冷负北马其顿 西班牙战胜科索沃
体育,2023年女足世界杯举办城市确定 决赛将在悉尼举行
体育,国足四十强赛剩余赛程出炉 首场五月底迎战关岛
体育,足协主席说，中国足球要让老百姓看到希望
体育,欧足联：欧洲杯单场每支球队可更换5名替补 
体育,世预赛德国主场爆冷负北马其顿 西班牙战胜科索沃
体育,武磊谈江苏队解散：为球队惋惜 球员努力会被记得
体育,探访冬残奥会国家集训队训练
体育,国足上海集训备战世预赛
体育,“骑行赏花”共享春光 第三届环长三角自行车赛歙县站火热开赛
体育,国足球员体脂率达8%至9%，别再叫他们白斩鸡了！
体育,一直沉默的天津津门虎，上演中国足球极限反转大戏
体育,6支球队告别！“破”了的中国足球，还能立得起来吗？
体育,这座北极圈的岛屿，有世界上最美的足球比赛
体育,荣耀！中国女篮传奇郑海霞入选国际篮联名人堂
体育,NBA交易汇总：奥拉迪波改换门庭 隆多加盟快船
体育,CBA进入卡位阶段 上海惨败深圳季后赛资格成疑
体育,广东等进入全运会女篮决赛圈 奥运组合队将同场竞技
体育,CBA观众入场安排出炉 季后赛预计开放2000以内坐席
体育,NBA名宿埃尔金-贝勒去世 八进总决赛却生涯无冠
体育,全球厦大校友线上对弈庆百年华诞 马晓春助阵
体育,2021奉化海峡两岸桃花马拉松开跑 异地同跑话情谊
体育,“相约北京”冬季体育系列测试活动  “云转播”接受“压力测试”
体育,第三十一届世界大运会延期至2022年举办
体育,2021成都双遗马拉松预报名开启 赛事规模2.4万人
体育,国际大体联：成都大运会将延期至2022年举办
体育,迎首场冰上赛事！面向北京冬奥，国家体育馆“履新”
体育,五棵松迎来冰球测试活动 队员连呼“这场地太舒服”
体育,WTA迈阿密站巴蒂晋级女单决赛 力争生涯首次卫冕
体育,助力冬奥 北京“关爱星星儿童”冰上体验培训公益活动落幕
体育,受疫情影响 大坂市长要求取消市内奥运圣火传递
体育,全运会排球资格赛参赛名单公布 朱婷领衔河南女排
体育,孙杨案重审听证会5月下旬进行 以线上视频形式进行
体育,54岁郑海霞入选FIBA名人堂 你知道当年她多牛...
体育,孙杨案重审听证会定于5月下旬线上举行
体育,受疫情影响 大坂市长要求取消市内奥运圣火传递
体育,全国高山滑雪锦标赛和冠军赛中6场国际雪联积分赛结...
体育,第31届世界大学生夏季运动会延期至2022年举办
体育,国家体育馆升级“冰堡”首次亮相 未来欲打造“冰球...
体育,五棵松迎来冰球测试活动 队员连呼“这场地太舒服”
体育,迎首场冰上赛事！面向北京冬奥，国家体育馆“履新”
体育,国际大体联：成都大运会将延期至2022年举办
体育,全球厦大校友线上对弈庆百年华诞 马晓春助阵
体育,2021奉化海峡两岸桃花马拉松开跑 异地同跑话情谊
体育,“相约北京”冬季体育系列测试活动  “云转播”接受“压力测试”
体育,第三十一届世界大运会延期至2022年举办
体育,2021成都双遗马拉松预报名开启 赛事规模2.4万人
体育,国际大体联：成都大运会将延期至2022年举办
体育,迎首场冰上赛事！面向北京冬奥，国家体育馆“履新”
体育,荣耀！中国女篮传奇郑海霞入选国际篮联名人堂
体育,荣耀！中国女篮传奇郑海霞入选国际篮联名人堂
体育,足协主席说，中国足球要让老百姓看到希望
体育,足协主席说，中国足球要让老百姓看到希望
文化,《源动力：中国民营企业传承突围》亮相北京图书订货会
文化,北京语言大学鲁迅与世界文化研究院成立
文化,解读经典著作文化魅力 《张其成全解黄帝内经》首发 
文化,中西比较|“奇妙”的南北朝：北政制 南礼乐
文化,中西比较|趣谈中西历史同期两对君臣的“同”与“不同” 
文化,艺术家对话科学家：艺术与科技并不对立 两者永远分不开
文化,甘肃文物鉴别师：触摸每一件藏品就是和历史“对话”
文化,文物频频“上新” 专家：传统文化与时代呼应焕发新魅力
文化,山西黎侯彩雕：“守”与“变”中唤醒老手艺
文化,包钢一号高炉被列入内蒙古重点文物保护单位
文化,当“明星文物”遇上甜点，跨越千年的味道你想尝尝吗？
文化,被“围观”的国际口足画家黄国富：用乐观激励更多人
文化,民间收藏家与他的“博物馆”：研究古绣背后的文化符号
文化,上海：“大师剧”成校园文化新风尚
文化,话剧《正阳书局》以书为媒聚焦京城小人物
文化,辽宁优秀文化外宣项目亮相孟加拉国
文化,张艺谋首部谍战片确定加入 电影五一档“阵容”耀眼
文化,当《珍珠塔》遇见象牙塔 经典锡剧将赴清华大学演出
文化,“火”出圈的“唐宫小姐姐”原来出自这里
文化,香港话剧团首推原创剧目普通话版 冀更多两地文化交流
文化,中央民族乐团献红歌音乐会 民族乐器焕发经典活力
文化,《中国刀剑史》首发 作者解读武备文化发展历程
文化,安意如《故宫如梦》用心用情走近深宫那些人与事
文化,北京“十大建筑”：见证巍巍古都旧貌换新颜
文化,民间收藏家与他的“博物馆”：研究古绣背后的文化符号
文化,三星堆博物馆将建设新馆
文化,黄河文化月即将启幕 专家解读如何纳入新生基因？
文化,《少年行 童谣声中游北京》亮相北京图书订货会
文化,余隆执棒 星光阵容 国家大剧院制作歌剧《茶花女》将六度上演
文化,云南哈尼族服饰浙江展出 被誉为“用针线书写的史书”
文化,《头等舱的贼》： 顶尖商业调查师笔下的商业犯罪
文化,“又红又燃”主旋律音乐剧《新华报童》将于五一首演
文化,讲述两代创业者故事 舞剧《到那时》广州首演
文化,书香迎接建党百年
文化,方寸舞台展现开天辟地的革命史诗
文化,云南天文台发现特殊双星系统
文化,天津发现辽代线刻佛造像群 属国内同时期同类型遗存仅见
文化,小书院丨古人没闹钟，早上会睡过头迟到吗？
文化,合肥市庐剧院院长谈地方戏曲发展：突破区域局限 培养人才和观众
文化,甘肃文物鉴别师：触摸每一件藏品就是和历史“对话”
文化,陈鲁豫：我一天只吃三粒米？假的
文化,00后大学生传承非遗折纸 8000余件作品雕琢万千世界
文化,96岁王鼎钧：每个方块字像一块土 可以连成大地山河
文化,记者对话廖昌永：唱响中国的好声音
文化,阿什莉·奥德兰：成为母亲后，写下母职的另一面
文化,《南京历史文献数据库》上线 查文献实用工具有哪些？
文化,最新考古发现！西安发现周天子使用的宗庙
文化,又一次惊艳世人的三星堆遗址 有多少谜还没解开？
文化,三星堆8号坑发现可拼接青铜碎片 或为礼仪用器
文化,三星堆背后的考古经济 如何从一时热变一直热
文化,内蒙古推武安州辽塔修缮工作 将启动塔基考古发掘工作
文化,三星堆遗址考古重启 青铜神树：实物版的太阳神鸟传说
文化,《南京历史文献数据库》上线 查文献实用工具有哪些？
文化,“广州读书月”未成年人阅读嘉年华启动
文化,小书院丨古人没闹钟，早上会睡过头迟到吗？
文化,歌剧《红船》在杭州首演
文化,不爱读书、被动读书 当代儿童课外阅读如何“破壁”？
文化,沈阳故宫展出清弘历《登兴安大岭歌》并董邦达设色图卷
文化,数字化出版融合成2021中国民营书业峰会关键词
文化,国内首个儿童分级阅读行业标准发布 填补业内空白
文化,复旦大学烈士纪念雕塑揭幕 凸显历史天空闪耀的英烈星光
文化,“云南牛王”画牛数十载 牛年办“牛”展展牛百态
文化,黄河文化月即将启幕 专家解读如何纳入新生基因？
文化,《少年行 童谣声中游北京》亮相北京图书订货会
文化,余隆执棒 星光阵容 国家大剧院制作歌剧《茶花女》将六度上演
文化,云南哈尼族服饰浙江展出 被誉为“用针线书写的史书”
文化,《头等舱的贼》： 顶尖商业调查师笔下的商业犯罪
文化,“又红又燃”主旋律音乐剧《新华报童》将于五一首演
文化,讲述两代创业者故事 舞剧《到那时》广州首演
文化,书香迎接建党百年
文化,方寸舞台展现开天辟地的革命史诗
文化,云南天文台发现特殊双星系统
文化,天津发现辽代线刻佛造像群 属国内同时期同类型遗存仅见
文化,小书院丨古人没闹钟，早上会睡过头迟到吗？
文化,《头等舱的贼》： 顶尖商业调查师笔下的商业犯罪
文化,越剧走过115载春秋：发源地书写“守与望”
时政,公安部：清明假期期间道路交通安全风险复杂严峻
时政,教育部：不得在校园内通过举办讲座等销售课外读物
时政,教育部明确3个睡眠时间要求 小学生每天应睡10小时
时政,铁路清明小长假运输今日启动 预计发送旅客4970万人次
时政,对病毒溯源问题纠缠不休，美西方政客想干啥？
时政,“中国天眼”向全球开放使用 中国向世界抛出橄榄枝
时政,官方机构退出，剑桥通用英语五级考试会降温吗？
时政,新冠病毒疫苗接种问答来了！涉及34个关键问题
时政,国庆节，天安门广场为什么要摆放孙中山画像？
时政,烟雨西陵峡 水墨展灵秀
时政,清明假期将迎人员出行小高峰 专家：口罩不能摘
时政,习近平与革命文物“面对面”
时政,习近平：在党史学习教育动员大会上的讲话
时政,《求是》杂志发表习近平总书记重要文章 《在党史学习教育动员大会上的讲话》
时政,习近平同布隆迪总统恩达伊施米耶通电话
时政,跟着总书记长见识 | 福建之行第三天：城市建设-历史传承-企业创新
时政,习近平为何将实现“双碳”目标视作一场“系统性变革”？
时政,西藏武警官兵缅怀英烈 坚定守护高原信念
时政,中国蓝盔：有一种牺牲在万里之外
时政,西藏军区官兵缅怀先烈：英雄都不应该被遗忘
时政,2021年全军面向社会公开招考文职人员工作全面展开
时政,锻造能打胜仗的特战尖兵——记武警广东总队机动支队某中队中队长彭星
时政,永不生锈的钢钉——走近海岛雷达兵心中的“红色前哨”
时政,梨花风起正清明 家祭无忘告英烈
时政,用忠诚守护人民城市——追记上海刑警、“二级英模”钱海军
时政,全国少先队员开展清明祭英烈活动
时政,21世纪所有“清明”不在4月4日就在4月5日，前者69次后者31次
时政,器官捐献，让生命和爱以另一种方式延续……
时政,聆听“黄河”感受“伟大”，天津歌舞剧院首个音乐季启幕
时政,清明假期第二天各地接待现场祭扫群众3000余万人次
时政,赏花、踏青、跨省游——清明假期旅游市场再现高峰
时政,86年，无名墓碑，无私守护……
时政,扫码接力 为英烈们献花
时政,“双双破亿”彰显人民至上与大国担当
时政,在学党史中紧握时代“接力棒”
时政,把脱贫攻坚精神融入高校思想政治教育全过程
时政,搭建平台、优化环境、完善政策……让更多人才返乡创业
时政,从“红绿蓝”看雄安四年之变
时政,农业农村部：开展为期三个月“瘦肉精”专项整治行动
时政,官方回应数据隐私保护：正加紧制定出台相关法律
时政,官方明确小额贷款公司不得向大学生发放互联网消费贷
时政,国家市场监管总局倡议：线下购物七日无理由退货
时政,国家发改委：中国将继续降低落户门槛实现“愿落尽落”
时政,王凯任河南省人民政府副省长、代理省长
时政,郑新聪任福建省副省长
时政,王赋、蔡允革任重庆市政府副市长
时政,魏建锋任陕西省副省长
时政,云南省文山州人民医院原院长卢京接受监察调查
时政,用好义务教育评价“指挥棒” 建设高质量教育体系
时政,助困难家庭孩童顺利入园 努力实现“幼有所育”全覆盖
时政,教育部要求每日22:00到次日8:00不得为未成年人提供游戏服务
时政,教育部：小学生初中生平均睡眠分别为9.5和8.4小时
时政,教育部明确课外读物推荐主体和可选择推荐目录范围
时政,搭建平台、优化环境、完善政策……让更多人才返乡创业
时政,北京：继续严防境外疫情输入 加强人员进京管控
时政,四川省地震烈度速报与预警项目初具服务能力
时政,别样清明节：“就地过年”后掀起“补偿式返乡”热潮
时政,专家：我国对疫苗实行最严格的管理制度
时政,王凯任河南省人民政府副省长、代理省长
时政,4月天宇“佳片有约”：战神火星“交锋”月姑娘
时政,教育部：小学生初中生平均睡眠分别为9.5和8.4小时
时政,致祭扶贫英雄 超1800人牺牲在脱贫攻坚一线
时政,科研人员在云南发现三个萤火虫新种
时政,梨花风起正清明 家祭无忘告英烈
时政,用忠诚守护人民城市——追记上海刑警、“二级英模”钱海军
时政,全国少先队员开展清明祭英烈活动
时政,21世纪所有“清明”不在4月4日就在4月5日，前者69次后者31次
时政,器官捐献，让生命和爱以另一种方式延续……
时政,聆听“黄河”感受“伟大”，天津歌舞剧院首个音乐季启幕
时政,清明假期第二天各地接待现场祭扫群众3000余万人次
时政,赏花、踏青、跨省游——清明假期旅游市场再现高峰
时政,86年，无名墓碑，无私守护……
时政,扫码接力 为英烈们献花
时政,又一部新疆反恐纪录片播出，披露这些细节！
时政,专家：我国对疫苗实行最严格的管理制度
国际,·印尼东努沙登加拉省暴雨引发洪灾 已致54人遇难
国际,·疫情加剧 柬埔寨加速疫苗接种
国际,·美加州推类似“疫苗护照”政策 成效如何有待观察
国际,·印尼暴雨引发山洪 已造成至少44人死亡9人受伤
国际,·南非新冠肺炎治愈率达95%
国际,印度安全部队遇袭致22死 印媒：或因假情报走入陷阱
国际,法国疫情恶化重新进入封锁 将再下调2021年经济预期
国际,美加州推类似“疫苗护照”政策 成效如何有待观察
国际,杀人案猛增三成 美国主要城市去年有点乱
国际,英国拟试水“新冠疫苗护照” 招致多方反对声音
国际,印尼暴雨引发山洪 已造成至少44人死亡9人受伤
国际,美国纽约发生枪击事件致1死2伤 两名枪手与警察交火
国际,曾因失误致1500万疫苗报废！美工厂将专注生产强生疫苗
国际,美国会大厦暴力阴霾难消 袭警事件嫌犯或追随仇恨组织
国际,“法老的黄金游行”！22具古埃及法老木乃伊“搬家”
国际,美国研究称新冠治愈者只需一针疫苗 法国第三波疫情高峰或将到来
国际,外媒称对新冠溯源报告的指责让结果失焦
国际,全球新冠死亡病例超280万 美国或出现第四波疫情
国际,国际述评：病毒溯源之路，与科学为伴
国际,阿根廷总统新冠抗体检测呈阳性
国际,荷兰议会未通过对吕特的不信任投票
国际,德国总统接种第一剂阿斯利康疫苗
国际,美国总统拜登之子出书谈“黑历史”
国际,美国“水门事件”幕后策划者利迪去世
国际,孟晚舟案聚焦美国引渡是否违法
国际,叙利亚总统夫妇感染新冠后康复 
国际,破坏面积相当于荷兰国土！2020年原始雨林损失加剧
国际,最新研究在南非内陆遗址发现早期现代人复杂行为证据
国际,《自然》最新论文揭秘压力如何影响毛发生长
国际,疫情下日本航空业者出招 现役波音777“变”餐厅 
国际,巴基斯坦总理敦促民众严格遵守防疫要求
国际,希腊新增1955例新冠肺炎确诊病例 累计确诊275414例
国际,塞尔维亚新增新冠肺炎确诊病例3304例 累计确诊617669例
国际,印尼发生洪灾至少造成41人遇难
国际,利比亚接收第一批新冠疫苗 为俄罗斯“卫星V”疫苗
国际,美国弗吉尼亚海滩再发枪击案 造成1人死亡2人受伤
国际,老挝首都附近旅游区翻船事故致8人死亡
国际,印尼东努沙登加拉省暴雨引发洪灾 已致54人遇难
国际,菲律宾媒体为造谣中国道歉
国际,阿根廷总统确诊新冠 法国开始全境“封城”
国际,第三波疫情来袭 加拿大人口最大省份“紧急刹车”
国际,美国变异新冠病毒确诊病例过万 巴基斯坦总统新冠检测阳性
国际,美国33个州新增确诊上升 英国超3000万人接种首剂新冠疫苗
国际,美超1亿人接种新冠疫苗，“疫苗护照”陷政治化困扰？
国际,美国疫情再现回升 拜登敦促各州防疫“别松劲”
国际,美国五角大楼批准开放得州军事基地收容流动儿童
国际,美国一些城市举行集会抗议针对亚裔的歧视和仇恨犯罪
国际,男子中520万新西兰元大奖：世界看起来更...
国际,德国总统接种第一剂阿斯利康疫苗 鼓励民众...
国际,22具古埃及法老木乃伊将“搬家” 开罗黄...
国际,苏伊士运河搁浅致多重损失 埃及拟索赔10...
国际,美加州枪案致4人死亡：美枪声频传，枪支销...
国际,外媒：男子拿着燃烧瓶欲闯法总统马克龙的官...
国际,强烈且清晰！“洞察号”再次记录到两次火星...
国际,荷兰议会未通过对看守内阁首相吕特的不信任...
国际,日韩外交局长级磋商：历史问题分歧难消
国际,美国传染病专家福奇：美国可能不需要阿斯利...
国际,世卫组织呼吁达成新的国际条约以应对未来大流行病
国际,苏伊士运河堵塞反思：海运咽喉抗风险能力受关注
国际,苏伊士运河堵塞会让世界经济有多痛？
国际,联合国报告：新冠肺炎疫情致全球1.2亿人陷入极端贫困
国际,联合国粮农组织：20多国重度饥饿人数将飙升
国际,美国顶级智囊如何看美国经济？
国际,“杀手”与“祝您健康”：普京妙回拜登后，俄美关系如何走
国际,国际媒体关注中美高层战略对话：中美实质沟通的重要一步
国际,巴基斯坦总理敦促民众严格遵守防疫要求
国际,希腊新增1955例新冠肺炎确诊病例 累计确诊275414例
国际,塞尔维亚新增新冠肺炎确诊病例3304例 累计确诊617669例
国际,印尼发生洪灾至少造成41人遇难
国际,利比亚接收第一批新冠疫苗 为俄罗斯“卫星V”疫苗
国际,美国弗吉尼亚海滩再发枪击案 造成1人死亡2人受伤
国际,老挝首都附近旅游区翻船事故致8人死亡
国际,印尼东努沙登加拉省暴雨引发洪灾 已致54人遇难
国际,菲律宾媒体为造谣中国道歉
国际,美伊“间接会谈”在即 伊朗：拒绝美国逐步放宽制裁
社会,北方地区平均沙尘日数11.5天 为2005年以来最多
社会,中国为何首次把粮食安全战略纳入五年规划？官方解读
社会,南京航空航天大学师生接种新冠疫苗
社会,中铁特货物流股份有限公司原总经理吴文宁接受审查调查
社会,河南鹤壁市人大常委会原副主任部圳东接受审查调查
社会,中国银行河南省分行党委委员、副行长周路接受审查调查 
社会,重庆市万盛经开区党工委副书记李川接受审查调查
社会,男子微信群聊中辱骂烈士王伟、侮辱烈士遗孀 已被刑拘
社会,部分用户错误投诉 快递员被扣罚的工资能要回来吗?
社会,60岁以上人群开放接种新冠疫苗 来听听专家怎么说
社会,片长17分钟，但这对英烈父子值得你看到最后
社会,祁连山南麓的渣山和露天矿坑：如何愈合巨大的伤疤
社会,不给钱就差评？这些敲诈勒索的“职业差评师”得管管
社会,社区工作人员冒领低保金172万 牵出系列低保贪污案
社会,乱象丛生悲剧频发 围猎大学生的“校园贷”迎强监管
社会,加速抢票陷阱：你想抢火车票，可能有人想抢你的钱
社会,最严“禁塑令”实施4个月 这些难题应该怎么破？
社会,情感主播直播调解：“骗子演、傻子买”？
社会,“七成孩子被动补课” 校内提质破解校外培训怪圈
社会,小青团北漂逆袭记：从“第一口春”到舌尖“网红”
社会,文旅部：加强旅游不文明行为惩戒 下大力纠治顽疾
社会,南京通报机场吸烟室冒烟：乘客将未熄灭烟头丢进烟灰桶
社会,公安部：清明假期期间道路交通安全风险复杂严峻
社会,今年北方地区平均沙尘日数11.5天 为2005年以来最多
社会,山西警方摧毁一黑色产业链：解封QQ百万余次 涉电诈资金6亿元
社会,案值8000万元！广西破获特大走私香烟案 抓获11人
社会,假酒扫码结果竟然显示为“真”？扬州警方查获制售假酒团伙
社会,酒驾撞车拖行伤者1公里致死案罪犯被执行死刑
社会,广州番禺化龙镇明经村发生一宗刑事案件 造成人员伤亡
社会,浙江第670例造血干细胞捐献者：挽救生命不犹豫
社会,壹图丨你敢对这些“职场潜规则”说不吗？
社会,轿车翻入河道 多位热心市民跳河救人
社会,字画像丨来自星星的孩子不孤独
社会,耄耋老人开设老年班无偿教英语：互相学习 共同进步
社会,最严“禁塑令”实施4个月 这些难题应该怎么破？
社会,男子微信群聊中辱骂烈士王伟、侮辱烈士遗孀 已被刑拘
社会,中东部大部有降水天气 东部近海有大雾
社会,公安部：清明假期期间道路交通安全风险复杂严峻
社会,南京通报机场吸烟室冒烟：乘客将未熄灭烟头丢进烟灰桶
社会,官方机构退出，剑桥通用英语五级考试会降温吗？
社会,摄绘人|小长假出游，你是A面还是B面？
社会,不给钱就差评？这些敲诈勒索的“职业差评师”得管管
社会,还记得18年不打烊的“抗癌厨房”吗？它升级改造啦
社会,如何应对春天里的飞絮之扰？
社会,云南师宗一男子入室盗窃 中途犯困睡着了
社会,云南南涧发现鱼类新种——川河云南鳅
社会,土味视频、土味情话……席卷网络的土味究竟什么味？
社会,可乐当水喝 19岁胖小伙血糖爆表进ICU救命
社会,“魔方奶奶”通过魔方B段考级 创60岁以上盲拧最快世界纪录
社会,沈海高速重大交通事故现场仍在清理 双向交通已恢复
社会,浙江舟山海域一渔船沉没 目前已救起16人
社会,沈海高速发生一起交通事故 造成11人死亡、19人受伤
社会,江西警方破获一起虚拟货币盗窃案 涉案金额超千万
社会,25岁“刮腻子女孩”火了 靠画壁画6天赚4万
社会,搬家费1200涨价到1.8万？天价搬家费背后的强迫交易
社会,11岁男孩花10万余元买游戏账号 半小时消费8.78万元
社会,二手车经营店一夜被清空 市场方称“租赁到期”
社会,她搭上几个月时间 只为了举证学生作弊这件“小事”
社会,广东揭阳：扣押约5600吨涉问题钢材 抓获27名嫌疑人
社会,大龄自闭症患者父母：我们走后，孩子怎么办？
社会,外卖竟送上高速公路 点餐的、送餐的都遭罚
财经,中国为何首次把粮食安全战略纳入五年规划？官方解读
财经,报告：一季度中国新房找房热度同比上涨20.9%
财经,今年前2月新疆维吾尔自治区能源供应保障能力持续提升
财经,本周人民币兑美元中间价“四降一升” 累贬273点
财经,预计清明出游将达到1亿人次 景区需“预约限流”
财经,普惠小微企业贷款延期还本付息政策延至12月31日
财经,植发、文眉……新生代农民工成“外貌蜕变”新人群
财经,化妆品贴上“量子”标签 消费者谨防陷入黑科技骗局
财经,报告：一季度中国新房找房热度同比上涨20.9%
财经,货不对板维权困难 网购鲜花绿植请避开这些“坑”
财经,化妆品贴上“量子”标签 消费者谨防陷入黑科技骗局
财经,追“国货”赶“新潮”，你为“时尚”消费了吗？
财经,Z世代消费的价值与力量：从精致穷到消费主义逆行者
财经,网上可无抵押贷款？有人欲贷5万结果被骗12万
财经,楼市现“史上最热”一季度 但降温迹象已现
财经,赚阳间人的“阴间钱”？殡葬也应“走在阳光下”
财经,中国“花节”遍地开 如何盘活“花经济”？
财经,报告：一季度中国新房找房热度同比上涨20.9%
财经,字节跳动张一鸣：外部波澜起伏，内心平静如常
财经,万科郁亮：房地产行业逻辑变了 不再能赚大钱快钱
财经,万科总裁祝九胜：泰禾问题的解题钥匙仍在泰禾自身和债权人手中
财经,IMF总裁：预计全球经济增长好于预期但不确定性高
财经,报告：新能源车置换周期较短 在一线城市间流转明显
财经,报告：全球经贸摩擦形势严峻
财经,中央财政安排乡村振兴补助资金1561亿元
财经,1-2月中国发行地方政府债券4181亿元
财经,1-2月国有企业营业总收入101929.2亿元 同比增33.7%
财经,农业农村部：规范水产养殖用投入品 让群众吃到放心鱼
财经,养殖业的碳减排：开头肯定艰难 未来一定美好
财经,椰树又被立案调查！别让另类广告砸了招牌
财经,跨国药企跻身“上海市政府质量奖” 相关质量管理经验成行业参考
财经,押上人生全部的声誉！否认五年后，雷军造车！
财经,华为回应热点问题：事关芯片、手机、供应链、造车等
财经,中联重科2020年营收超651亿元 创历史最好水平
财经,深入体验告别走马观花 定制旅游是如何走向...
财经,清明档单日票房破3亿 刷新清明档单日票房...
财经,半年来车险市场保持总体平稳 89%保单签...
财经,新技术助推行业节能减排 绿色交通驶入“快...
财经,“两化”合并重构化工产业格局
财经,重庆2021年计划供应国有建设用地144...
财经,新疆兵团一周内318项工程集中开复工
财经,中行研究院报告预计上半年银行业净利润增速...
财经,海南国际投资“单一窗口”项目通过竣工验收
财经,4月3日郑州铁路发送旅客65.6万人次 ...
财经,网络中国节·元宵节
财经,网络中国节·春节
财经,第五届“百幅网络正能量图片”活动获选作品
财经,中国企业年度汉字
财经,2020梦想加伙伴大会
财经,中国石油全线发力迎冬供
财经,2020北京大运河文化节
财经,赚阳间人的“阴间钱”？殡葬也应“走在阳光下”
财经,赚阳间人的“阴间钱”？殡葬也应“走在阳光下”
财经,中国“花节”遍地开 如何盘活“花经济”？
财经,中国“花节”遍地开 如何盘活“花经济”？
产经,VR/AR与TWS业务共振，双动力引擎实现业绩高增长
产经,晚熟脐橙上市 奉节脐橙产地价格有望转涨
产经,沃尔沃汽车面向全体员工推出24周带薪育儿假政策
产经,腾讯音乐娱乐集团《2020华语数字音乐年度白皮书》发布
产经,字节跳动张一鸣：外部波澜起伏，内心平静如常
产经,光大银行年报发布 普惠便民“名品”云缴费表现亮眼
产经,引领科技美学 长虹再获德国红点产品设计大奖
产经,中兴发布多款智能终端 打造全场景5G智能生活
产经,北京：6家涉嫌炒作学区房的中介门店被停业整改
产经,万科郁亮：房地产回归实业属性是明确的趋势
产经,大兴供地计划展现区域价值 把握纯商品房上车时机
产经,北京租房市场回归旺季 3月成交量环比涨幅超六成
产经,三部门联合排查经营贷违规入楼市 能否掐灭楼市过热这把火？
产经,社科院报告：一线城市未现房价接力上涨
产经,如果你实在不想北漂，那就选这12城生活吧！
产经,近百“喵星人”亮相常州“选美卖萌”
产经,陈漫长沙办个人摄影展 一线“明星”齐亮相
产经,Beautyberry 2021/2022秋冬系列在北京发布
产经,降本提效 京东科技智能人机交互技术的产业化实践
产经,国家超算济南中心科技园“超算经济”初见
产经,报告指城乡存在“数字鸿沟” 专家吁“新IT”智慧下乡
产经,高性能图计算是尖端科技下一个前沿
产经,看好中国经济前景 亚马逊云科技加大中国业务投入
产经,加速大屏升维 虹魔方获亚太OTT/IPTV大会两枚天工奖
产经,泛华观点：数字驱动产业升级 实现高质量发展
产经,塔里木油田首季实现开门红 生产油气848万吨创历年之高
产经,今年前2月新疆维吾尔自治区能源供应保障能力持续提升
产经,“十四五”时期中国可再生能源发展将进入新阶段
产经,中国渤海油田启动“新优快”钻完井创新工程
产经,我国可再生能源开发利用规模稳居世界第一
产经,许家印眼中的“新恒大”：完成“多元+科技”的转型
产经,光大银行年报发布 普惠便民“名品”云缴费表现亮眼
产经,神州信息2020财报：营收持续超百亿 大行市场全面深...
产经,张一鸣：新的一年减少日常工作，专注公司文化、社会责任...
产经,晚熟脐橙上市 奉节脐橙产地价格有望转涨
产经,拼多多联合30余家出版社启动“多多读书月”  直补1...
产经,中兴发布多款智能终端 打造全场景5G智能生活
产经,猫眼娱乐2020年总营收13.65亿元 内容和平台两...
产经,对啊网以教育公益助力乡村振兴 第三座爱心图书馆落地凉...
产经,途虎养车与固特异达成合作 共同推动中国汽车后市场智慧...
产经,报告：3月份中国新房找房热度环比上涨36.7%
产经,财政部：2月份全国共销售彩票189.55亿元
金融,北京金融法院正式成立
金融,信贷供需两旺 结构不断优化——解读2月我国金融数据
金融,上市公司应建立内幕信息知情人登记管理制度
金融,在华外资银行保险机构数量稳步增长 总资产逾5万亿元
金融,财政部公布2021年第二季度国债发行计划
金融,0元财商课靠谱吗？体验良莠不齐，诱导销售值得关注
金融,A股五大险企2020年日赚6.89亿 净利增速均未转正
金融,恒指微跌 滔搏领跌服装零售商板块
金融,腾讯2020年营收逼近5千亿 网络游戏收入增长36%
金融,上海中招新政发布一周 学区房价格暂未出现拐点
金融,A股午盘震荡走高：创指涨1.58%，近2300只股飘红
金融,A股三大指数高开 白酒、半导体股领涨
金融,美股集体收涨!标普指数首破4000点创新高,中概股优信涨超68%
金融,三大指数午盘收红：创指涨逾1% 半导体板块领涨
金融,财政部公布2021年第二季度国债发行计划
金融,A股低开高走：创指半日涨逾1% 军工、石化板块领涨
金融,A股三大指数小幅低开 风电、新能源股回调
金融,超百家险企披露去年个人短期健康险综合赔付率
金融,要当心了！你报名的网络理财速成课可能变“劫财课”
金融,张坤成“菜菜坤”、春春也不香了，基金咋不赚钱了？
金融,新三板将推出精选层再融资制度和精选层指数
金融,A股公司分拆上市持续升温 医药生物企业多达11家
金融,常态化退市越走越近 今年已有8家公司触发“1元退市”
金融,最贵的奶茶要上市，一杯卖40多元却三年亏上亿
金融,以岭药业2020年业绩翻倍增长 Q4单季增长超过500%
金融,资本市场加快健全“四梁八柱” 助力高标准市场体系建设
金融,爱康战略合作伙伴诺辉健康香港成功上市
金融,快手登陆港交所：六位用户敲响开市锣 开盘大涨193%
金融,中国拟细化系统重要性银行监管要求 防范“大而不能倒”风险
金融,金控公司高管们注意：要备案管理了！
金融,金融持续助力区域协调发展
金融,A股三大指数高开 白酒、半导体股领涨
金融,外资金融机构布局按下“快进键”
金融,央行：所有贷款产品应明示年化利率
金融,兴业银行1663亿绿色融资联结“高颜值”“高素质”新福建
金融,央行开展100亿元逆回购操作
金融,证监会修订行政处罚委组织规则 优化“查审分离”体制
金融,银保监会启动人身保险行业佣金制度调研
金融,银保监会：3898家农村中小银行全部完成机构自查和监管检查
金融,银保监会：保险业偿付能力充足率保持在合理区间
金融,黄益平：金融监管改革迫在眉睫
金融,中国拟细化系统重要性银行监管要求 防范“大而不能倒”风险
金融,金控公司高管们注意：要备案管理了！
金融,金融持续助力区域协调发展
金融,A股三大指数高开 白酒、半导体股领涨
金融,外资金融机构布局按下“快进键”
金融,央行：所有贷款产品应明示年化利率
金融,兴业银行1663亿绿色融资联结“高颜值”“高素质”新福建
金融,央行开展100亿元逆回购操作
金融,A股三大指数高开 白酒、半导体股领涨
金融,金融持续助力区域协调发展
汽车,途虎养车与埃克森美孚再携手 多款产品强势上线
汽车,汽车芯片断供潮风波再起 十余家传统车企按下暂停键
汽车,第三代Honda CONNECT正式发布：这一程 更智能
汽车,宝马在中国发展高层论坛倡导开放合作和可持续发展
汽车,小鹏NGP 3000公里远征挑战发车 用智能汽车丈量中国
汽车,北京：2021年度原则上不配置汽车租赁小客车指标
汽车,浙江省消保委发布汽车投诉调查：存在八大服务乱象
汽车,2月中国汽车出口刷新当月历史记录
汽车,途虎养车与埃克森美孚再携手 多款产品强势上线
汽车,传祺EMPOW中文名发布 影豹1.5T零百加速6.95秒
汽车,汽车芯片断供潮风波再起 十余家传统车企按下暂停键
汽车,押金退费难、员工离职潮 共享汽车市场遇寒冬？
汽车,WEY品牌坦克300致敬莫奈限定版上市售价22万元
汽车,T3出行女司机：用女性力量，护航乘客安全出行
汽车,一骑当先“潮”你而来 哈弗赤兔官图正式公布
汽车,上汽大众全新纯电SUVID.4 X上市交付
汽车,车企赚钱靠兼职：买股票卖房产 造手机造飞机
汽车,跨界造车热潮再起 究竟会后发制人，还是误入歧途？
汽车,中国汽车在厄瓜多尔赢得口碑
汽车,1月份汽车销量同比增长31.9% 热销势头能否持续
汽车,易车新TVC玩转AI换脸 沈腾魔性演绎买车“人间值得”
汽车,花生好车“三步棋” 领跑汽车新零售主赛道
汽车,“雪佛兰·红粉笔乡村教师扶持计划”正式启动
汽车,巨头各出奇招纷纷造车 外行跨界造车胜算几何？
汽车,智能网联汽车发展已到战略转折点 产业链各端强势突围
汽车,豪气分红再现！江铃汽车分红额超净利股价涨停 有公司却收关注函
汽车,大众DQ400e变速器获评“龙蟠杯”第四届世界十佳变速器
汽车,打造10万级科技头等舱 广汽埃安AION Y正式预售
汽车,途虎养车与埃克森美孚再携手 多款产品强势上线
汽车,传祺EMPOW中文名发布 影豹1.5T零百加速6.95秒
汽车,汽车芯片断供潮风波再起 十余家传统车企按下暂停键
汽车,汽车消费类纠纷易发 买车擦亮双眼入手精挑细选
汽车,上海制定非机动车管理地方法规 外卖平台企业将受监管
汽车,花生好车“三步棋” 领跑汽车新零售主赛道
汽车,“雪佛兰·红粉笔乡村教师扶持计划”正式启动
汽车,巨头各出奇招纷纷造车 外行跨界造车胜算几何？
汽车,智能网联汽车发展已到战略转折点 产业链各端强势突围
汽车,豪气分红再现！江铃汽车分红额超净利股价涨停 有公司却收关注函
汽车,大众DQ400e变速器获评“龙蟠杯”第四届世界十佳变速器
汽车,打造10万级科技头等舱 广汽埃安AION Y正式预售
汽车,途虎养车与埃克森美孚再携手 多款产品强势上线
汽车,传祺EMPOW中文名发布 影豹1.5T零百加速6.95秒
汽车,汽车芯片断供潮风波再起 十余家传统车企按下暂停键
汽车,汽车消费类纠纷易发 买车擦亮双眼入手精挑细选
汽车,上海制定非机动车管理地方法规 外卖平台企业将受监管
港澳,黎智英等7人被裁定组织及参与未经批准集结两罪成
港澳,香港新增7人确诊 无本地病例
港澳,香港警方破史上最大宗可卡因案 涉案毒品市值逾9亿港币
港澳,香港财政司司长：国安法加新选举制度让香港恢复安全稳定
港澳,专访全港各区工商联会长：新选举制度将带工商业走出困境
港澳,香港教育局公布高中四个核心科目的优化措施
港澳,张建宗：完善选举制度推动香港政制发展迈上新台阶
港澳,驻港公署正告美驻港官员：停止干预香港事务和中国内政
港澳,董建华：协力开拓香港由乱到治、由治到兴的黄金时代
港澳,判处有罪！香港法庭再没有黎智英的“免罪金牌”
港澳,香港多位司局长向各界阐释完善选举制度 争取各方支持

港澳,香港举办青年招聘会 提供逾800个大湾区职位空缺
港澳,香港新增7人确诊 无本地病例
港澳,香港财库局局长：不容许个人资料被“武器化” 新安排合理平衡资料获取和个人隐私
港澳,香港警方破史上最大宗可卡因案 涉案毒品市值逾9亿港币
港澳,香港劳福局局长：学前康复服务需求上升 正“追落后”
港澳,香港财政司司长：国安法加新选举制度让香港恢复安全稳定
港澳,专访全港各区工商联会长：新选举制度将带工商业走出困境
港澳,张建宗：完善选举制度推动香港政制发展迈上新台阶
港澳,刘显法：全力支持澳门扩大对外交往
港澳,赵式庆：“爱国者治港”不容置疑
港澳,廖启智被曝罹患胃癌一度病危
港澳,梁振英提质疑：为何内地赴港人士仍要隔离
港澳,香港回归——“一国两制”从伟大构想到生动现实
港澳,香港特区立法会通过皇岗口岸“一地两检”后续工作议案
港澳,张建宗鼓励香港青年突破局限 善用粤港澳大湾区机遇
港澳,港府大湾区招聘会吸引年轻人 市民：希望能有机会尝试
港澳,粤港澳将共同推进实施大湾区文化和旅游发展规划
港澳,在粤香港青年：“爱国者治港”势在必行
港澳,澳门首次设立分会场连线参与公祭轩辕黄帝典礼
港澳,香港疫境下的清明节：少了热闹 多了思念
港澳,香港警方破获历来最大宗可卡因案
港澳,陈茂波：完善香港特区选举制度令经济发展成果更均衡广泛分享
港澳,香港新冠肺炎本地确诊病例时隔一周再现零新增
港澳,张建宗：完善特区选举制度是香港民主的进步
港澳,“史墨客们”在香港呼风唤雨的旧梦该醒醒了
港澳,香港新增7人确诊 无本地病例
港澳,香港财库局局长：不容许个人资料被“武器化” 新安排合理平衡资料获取和个人隐私
港澳,香港警方破史上最大宗可卡因案 涉案毒品市值逾9亿港币
港澳,香港海关检获7300万港元怀疑毒品 拘捕一25岁男子
港澳,广东东莞搭建港澳青年大湾区创业新平台首批企业入驻
港澳,香港首个古典刀剑文化主题多媒体展散发冷兵器温度
港澳,香港6名健身房职员因威吓顾客被判同类案件最高刑罚
港澳,生命科学与人工智能创新论坛在澳门举行
港澳,董建华：协力开拓香港由乱到治、由治到兴的黄金时代
港澳,专访叶刘淑仪：科学的选举制度将促进精英参政 提升议政水平
港澳,澳门春季书香文化节开幕 特设中共建党百年专区
港澳,澳门春季书展书韵飘香
港澳,梁振英将担任大湾区国际信息科技协会主席
港澳,最新一批30万剂复必泰新冠疫苗运抵香港
港澳,香港增19宗病例 33岁确诊男曾未戴口罩参加足球赛
港澳,环球时报社评：香港，美英的攻击渐成强弩之末
港澳,香港教育界：通识科更名“公民与社会发展科”可重整教与学无序状态
港澳,进一步推动香港良政善治行稳致远
港澳,香港和日本推出跨币证券交易货银两讫联网
港澳,黎智英官司缠身之际 壹传媒高层再突发变动
港澳,中国人民银行在香港成功发行50亿元人民币央行票据
港澳,“香港经济峰会2021”举行 聚焦疫后香港经济如何复苏
港澳,香港劳工及福利局局长：香港失业率再上升的机会不高
港澳,香港回归十五年大事记
港澳,邓小平关于“一国两制”的谈话
港澳,香港的割让与香港问题谈判、回归
港澳,学者解读香港问题：理解中国的钥匙
港澳,香港特别行政区基本法
港澳,澳门特别行政区基本法
港澳,香港特别行政区驻军法
港澳,澳门特别行政区驻军法
港澳,都市民俗 别样风景:扫描香港潮州人"盂兰胜会"
港澳,澳门年俗:谢灶 利市 开年
港澳,典当行：澳门别样的风景
港澳,澳门有这样一个公休日——浴佛节
港澳,中葡关于澳门问题的联合声明
港澳,中英关于香港问题的联合声明
港澳,回归后香港涉台问题基本原则政策
港澳,回归后澳门涉台问题基本原则政策
港澳,澳门首次设立分会场连线参与公祭轩辕黄帝典礼
港澳,香港疫境下的清明节：少了热闹 多了思念
港澳,香港警方破获历来最大宗可卡因案
港澳,陈茂波：完善香港特区选举制度令经济发展成果更均衡广泛分享
港澳,香港新冠肺炎本地确诊病例时隔一周再现零新增
港澳,张建宗：完善特区选举制度是香港民主的进步
港澳,“史墨客们”在香港呼风唤雨的旧梦该醒醒了
港澳,香港新增7人确诊 无本地病例
港澳,香港财库局局长：不容许个人资料被“武器化” 新安排合理平衡资料获取和个人隐私
港澳,香港警方破史上最大宗可卡因案 涉案毒品市值逾9亿港币
台湾,清明公祭轩辕黄帝典礼中的台湾“印象”：在这里找到了“根”
台湾,台铁出轨事故30名罹难者身份确认 受损列车车厢陆续被拉出
台湾,台铁脱轨事故致41人无生命迹象 或为台铁近40年最严重事故
台湾,国台办：对台铁出轨事故造成的伤亡人员表达哀悼和慰问
台湾,数名台胞浙江台州寻根认亲：两岸同根今圆“回家梦”
台湾,台媒：台铁一列车出轨 36人无生命迹象72人等待救援
台湾,台媒：台铁一列车发生出轨事故 23人送医4人无生命迹象
台湾,台盟中央2021年对台联络重点工作推进会在皖举行
台湾,台媒：台铁一列车出轨 36人无生命迹象72人等待救援
台湾,台商深耕大陆30年：“是选对了地方”
台湾,国台办：对台铁出轨事故造成的伤亡人员表达哀悼和慰问
台湾,马英九吴敦义出境限令将到期 岛内猜测其会否“登陆”
台湾,“台独立委”炒作大陆动画搞“文化统战” 被网民讽刺
台湾,国台办：民进党当局在涉港问题上一贯颠倒黑白、恶意抹黑
台湾,国台办：民进党当局“放空炮”解决不了问题
台湾,“台独”碰瓷雍正说“台湾自古不属中国” 网友痛批
台湾,岛内有人炒作“帕劳总统带美国大使访台” 专家解读
台湾,台湾青年在榕创建“第一云家园”
台湾,台胞获省级“三八红旗手”称号
台湾,“两岸夫妻”甜蜜的厨艺比拼
台湾,台盟中央2021年对台联络重点工作推进会在皖举行
台湾,台商深耕大陆30年：“是选对了地方”
台湾,两岸青年座谈研讨 聚焦新媒体行业发展
台湾,台媒提问大陆如何看待“中华民国”？ 国台办回应
台湾,台胞陈文仁：骑行祖国大陆 增进两岸交流
台湾,涉农林台胞台企：“农林22条措施”帮助大 盼尽快落实
台湾,闽台李氏宗亲文化交流 增进两岸同胞情谊
台湾,台湾清明节：别样清明一样情
台湾,清明公祭轩辕黄帝典礼中的台湾“印象”：在这里找到了“根”
台湾,台铁出轨事故致48死198伤 仍有7大疑点待厘清
台湾,台铁出轨事故罹难人数调整为48人 受伤人数198人
台湾,台铁列车出轨造成重大伤亡 唯一一位大陆乘客轻伤已出院
台湾,台铁出轨悲伤笼罩 舆论关注事故肇因
台湾,中新时评：台铁事故之殇，大陆同胞感同身受
台湾,台铁“太鲁阁号”列车出轨 台媒：台铁改革刻不容缓
台湾,第十四届海峡两岸名家书画展西安启幕
台湾,太鲁阁号是个怎样的列车，台湾铁路状况如何？
台湾,台铁太鲁阁号事故疑点待厘清 肇事人交保检方不服提抗告
台湾,台铁列车脱轨事故造成重大伤亡 台湾今日起连续3天降半旗追思
台湾,台铁脱轨事故致41人无生命迹象 或为台铁近40年最严重事故
台湾,台媒：台铁一列车出轨 36人无生命迹象72人等待救援
台湾,台媒：台铁一列车发生出轨事故 23人送医4人无生命迹象
台湾,恫吓挺新疆棉花的台湾艺人 民进党被批道德勒索
台湾,阿里山山火烧了5天 岛内学者：不排除是人祸
台湾,台铁召开记者会：不排除死亡数字增加的可能 ...
台湾,台湾陆委会：台铁列车事故中有一名大陆学生轻...
台湾,台铁出轨事故30名罹难者身份确认 受损列车...
台湾,台铁列车脱轨事故造成重大伤亡 台湾今日起连...
台湾,台媒：台铁事故丧生司机2018年躲过另一列...
台湾,第十四届海峡两岸名家书画展西安启幕
台湾,台铁“太鲁阁号”列车出轨 台媒：台铁改革刻...
台湾,中新时评：台铁事故之殇，大陆同胞感同身受
台湾,台铁出轨悲伤笼罩 舆论关注事故肇因
台湾,台铁列车出轨造成重大伤亡 唯一一位大陆乘客...
台湾,清明公祭轩辕黄帝典礼中的台湾“印象”：在这里找到了“根”
台湾,拟承认大陆疫苗？民进党还在玩文字游戏
台湾,跟风抹黑新疆棉花 民进党当局打错了算盘
台湾,港台腔：台美“合作再+1”？只是“卖台+1”！
台湾,时评：“台湾不是中国一部分”是十足谬论
台湾,台湾清明节：别样清明一样情
台湾,清明公祭轩辕黄帝典礼中的台湾“印象”：在这里找到了“根”
台湾,台铁出轨事故致48死198伤 仍有7大疑点待厘清
台湾,台铁出轨事故罹难人数调整为48人 受伤人数198人
台湾,台铁列车出轨造成重大伤亡 唯一一位大陆乘客轻伤已出院
台湾,台铁出轨悲伤笼罩 舆论关注事故肇因
台湾,中新时评：台铁事故之殇，大陆同胞感同身受
台湾,台铁“太鲁阁号”列车出轨 台媒：台铁改革刻不容缓
台湾,第十四届海峡两岸名家书画展西安启幕
台湾,太鲁阁号是个怎样的列车，台湾铁路状况如何？
台湾,台铁太鲁阁号事故疑点待厘清 肇事人交保检方不服提抗告
台湾,台铁列车脱轨事故造成重大伤亡 台湾今日起连续3天降半旗追思
华人,新冠疫情中印尼华人清明节扫墓祭祖
华人,18家海外华文媒体开启陕西采风
华人,中国驻菲大使：缅怀华侨抗日英烈 在菲推进“春苗行动”
华人,“2021全球华人新春手机摄影大赛”颁奖礼潮州举行
华人,福建省宁德市促发挥港澳台同胞和海外侨胞优势加快发展
华人,美国华裔美食作家捐款助力小商家 华埠餐馆表感谢
华人,澳大利亚留学服务中介帮中国学生模拟体验留学生活
华人,纽约多条地铁线恢复正常班次 华人忧出行安全
华人,旅韩大熊猫“爱宝”享受午后闲暇时光 打滚撒娇呆萌可爱
华人,福州：台商台青关爱“星星孩子”
华人,驻南非使馆提醒旅南侨胞假期注意防疫和安全
华人,维也纳等三州执行封禁措施 驻奥地利使馆提醒做好个人防护
华人,驻曼彻斯特总领馆发布领区内指定检测机构的相关通知
华人,阿比让机场法航人员接中方通知阻止中国公民回国？驻科特迪瓦使馆：不实信息
华人,新加坡：外籍劳工履行居家通知 雇主无需缴纳外劳税
华人,欧洲时报评论：华人反歧视是“抗疫”持久战
华人,行走中国·2021海外华文媒体高层重庆行将于3月22日启动
华人,亚特兰大枪击案6名亚裔身亡 美国各界谴责仇恨犯罪
华人,日本共同社：2月访日外国游客同比大减99.3%
华人,侨报：纽约州扩大新冠疫苗接种范围 再增10个接种点
华人,海外华媒人：“爱国者治港”确保“一国两制”实践行稳致远
华人,清明时节寄相思 海外侨胞别样祭扫缅怀故人
华人,新冠疫苗接种成诈骗借口 美国土安全局：注意防范
华人,新西兰政府拟将移民政策权力法案效力延长至2023年
华人,海外华侨华人：完善香港选举制度得民心破乱局
华人,马来西亚华人：不“疫”样的清明 一样的追思
华人,新冠疫情中印尼华人清明节扫墓祭祖
华人,反对种族歧视，这些亚裔明星发声了……
华人,清明时节寄相思 海外侨胞别样祭扫缅怀故人
华人,18家海外华文媒体开启陕西采风
华人,中国驻菲大使：缅怀华侨抗日英烈 在菲推进“春苗行动”
华人,《陈嘉庚》筹拍中 以电影诠释嘉庚精神
华人,注重中文学习 华裔青少年盼来华读书发展
华人,又到清明！海外华侨华人何处寄哀思？
华人,歌曲煽动抢劫华人！侨胞为何总被劫匪盯上？如何防范？
华人,“2021全球华人新春手机摄影大赛”颁奖礼潮州举行
华人,福建省宁德市促发挥港澳台同胞和海外侨胞优势加快发展
华人,海外华侨华人：完善香港选举制度得民心破乱局
华人,新加坡：外籍劳工履行居家通知 雇主无需缴纳外劳...
华人,旧金山华裔婆婆遇袭反击案嫌犯是否属仇恨犯罪引争...
华人,行走中国·2021海外华文媒体高层重庆行活动圆...
华人,华侨华人请注意！4月起这些新规将实施
华人,新西兰政府拟将移民政策权力法案效力延长至202...
华人,加拿大卑诗省府突然宣布关闭餐厅堂食 中餐业受冲...
华人,2021“亲情中华·为你讲故事”网上夏（春）令...
华人,连云港与马来西亚以侨为桥加强“一带一路”合作
华人,驻芬兰使馆提醒中国公民防范假冒使领馆名义电信诈...
华人,日本立命馆大学与职介所签约 防止留学生就业掉队
华人,美国多所大学不要求提供SAT和ACT成绩 申请量大增
华人,这些国家移民和出入境政策有了新变化 侨胞需注意
华人,18家海外华文媒体开启陕西采风
华人,“2021全球华人新春手机摄影大赛”颁奖礼潮州举行
华人,福建省宁德市促发挥港澳台同胞和海外侨胞优势加快发展
华人,“春苗行动”在海外多国“落地生根”
华人,美国华裔美食作家捐款助力小商家 华埠餐馆表感谢
华人,浙江侨乡青田“云”聘百名华侨华人 面向全球推介家乡
华人,浙江文成“侨贤”归故里 乐在青山绿水间
华人,连云港与马来西亚以侨为桥加强“一带一路”合作
华人,马来西亚华人：不“疫”样的清明 一样的追思
华人,新冠疫情中印尼华人清明节扫墓祭祖
华人,反对种族歧视，这些亚裔明星发声了……
华人,清明时节寄相思 海外侨胞别样祭扫缅怀故人
华人,18家海外华文媒体开启陕西采风
华人,中国驻菲大使：缅怀华侨抗日英烈 在菲推进“春苗行动”
华人,《陈嘉庚》筹拍中 以电影诠释嘉庚精神
华人,注重中文学习 华裔青少年盼来华读书发展
华人,又到清明！海外华侨华人何处寄哀思？
华人,歌曲煽动抢劫华人！侨胞为何总被劫匪盯上？如何防范？
华人,“2021全球华人新春手机摄影大赛”颁奖礼潮州举行
华人,福建省宁德市促发挥港澳台同胞和海外侨胞优势加快发展
娱乐,除了探案，我们看推理综艺的时候在看些什么
娱乐,汤姆和杰瑞、周子舒和温客行 双主角成近年影视剧新卖点
娱乐,从名主持到综艺“特工” 田源四十不惑再出发
娱乐,《上班啦！妈妈》开机 展现职场妈妈多面生活
娱乐,白敬亭：跳出青春剧的“框”
娱乐,虚拟偶像市场，瓶颈在哪里？
娱乐,陈佩斯：大家都明白了喜剧是怎么回事，这事儿就好办了
娱乐,《欢乐喜剧人7》总决赛落幕 秦霄贤宋晓峰获总冠军
娱乐,W8VES“春浪游园会”举办 沙一汀阿达娃首唱新歌
娱乐,《爱的理想生活》收官 王瑞欣回应人设争议
娱乐,增重17公斤，白敬亭在新戏里过了一把“体育瘾”
娱乐,钢琴家郎朗：走过“至暗时刻”，人生是一场马拉松
娱乐,悬疑网剧《黑金风暴》开机 部分案件改编自真实事件
娱乐,W8VES“春浪游园会”举办 沙一汀阿达娃首唱新歌
娱乐,11年了，《阿凡达》为啥还是最能打的3D电影？
娱乐,《少年的你》入围奥斯卡 华语电影这次能“冲奥”成功吗？
娱乐,钢琴家郎朗：走过“至暗时刻”，人生是一场马拉松
娱乐,编剧谈网络电影《布娃娃》：没有明星，但很接地气
娱乐,《粉红女郎》播出18年后，国产剧都市女性变了吗？
娱乐,白敬亭：跳出青春剧的“框”
娱乐,《爱的理想生活》收官 王瑞欣回应人设争议
娱乐,阎鹤祥：相声行业在内卷
娱乐,张哲瀚：我从来都不相信一夜之间爆红的事
娱乐,蔡琴不了情2016佛山经典金曲演唱会
娱乐,非常林奕华25周年·第56部原创作品 舞台剧《心之侦探》
娱乐,开心麻花经典爆笑舞台剧—乌龙山伯爵
娱乐,经典原版音乐剧《人鬼情未了Ghost—The Musical》/a>
娱乐,张惠妹"乌托邦part.2 庆典"UTOPIA CARNIVAL 演唱会
娱乐,大型魔幻惊悚话剧《盗墓笔记II：怒海潜沙》
娱乐,谭盾：在传统文化中找寻渗透未来的因素
娱乐,黄子韬忆父泪洒舞台：我要把更多开心带给大家
娱乐,《悬崖之上》曝“深渊冷枪”海报 于和伟、倪大红率反派阵容霸气亮相
娱乐,《上线吧！华彩少年》周深开唱 黄子韬回忆父亲落泪 
娱乐,际遇仙山琼阁，《万里走单骑》走进武当山古建筑群
娱乐,陈佩斯导师课实践“无实物表演”教学，郭德纲继“他还是个孩子”之后为何再cue郭麒麟
娱乐,汤姆和杰瑞、周子舒和温客行 双主角成近年影视剧新卖点
娱乐,《觉醒年代》“破圈”启示：主旋律必须坚持“真”
娱乐,哥斯拉大战金刚，导演为何偏向“愣小子”？
娱乐,《大宋宫词》开播 再现古画《韩熙载夜宴图》
娱乐,《后翼弃兵》等获2021美国编剧工会奖
娱乐,电视剧《海洋之城》将播 张翰、王丽坤等主演
娱乐,同是宅斗剧 “锦心”为何不如“知否”香？
娱乐,《上线吧！华彩少年》周深开唱 黄子韬回忆父亲落泪 
娱乐,《上班啦！妈妈》开机 展现职场妈妈多面生活
娱乐,《上线吧！华彩少年》的亮眼与出色
娱乐,《欢乐喜剧人7》总决赛落幕 秦霄贤宋晓峰获总冠军
娱乐,观众与网友感“扫兴” 提词器成综艺节目“原罪”？
娱乐,《同一屋檐下》探索“剧式综艺”新玩法
娱乐,《金牌喜剧班》英达班开课 再现“葛优躺”名场面
娱乐,汤姆和杰瑞、周子舒和温客行 双主角成近年影视剧新卖点
娱乐,总台融媒体清明特别节目《多情的土地》：一抔五色土，溯回千年文化记忆
娱乐,时代精神的锻造与传递，《经典咏流传》以英雄主义浸润人心
娱乐,际遇仙山琼阁，《万里走单骑》走进武当山古建筑群
娱乐,陈佩斯导师课实践“无实物表演”教学，郭德纲继“他还是个孩子”之后为何再cue郭麒麟
娱乐,黄子韬忆父泪洒舞台：我要把更多开心带给大家
娱乐,聚焦孤独症患者，公益电影《梦想森林》在京举行观影活动
娱乐,《上线吧！华彩少年》周深开唱 黄子韬回忆父亲落泪
娱乐,张国荣逝世18周年：长情的缅怀是“想你”
娱乐,《悬崖之上》曝“深渊冷枪”海报 于和伟、倪大红率反派阵容霸气亮相
娱乐,谭盾：在传统文化中找寻渗透未来的因素
娱乐,黄子韬忆父泪洒舞台：我要把更多开心带给大家
娱乐,《悬崖之上》曝“深渊冷枪”海报 于和伟、倪大红率反派阵容霸气亮相
娱乐,《上线吧！华彩少年》周深开唱 黄子韬回忆父亲落泪 
娱乐,际遇仙山琼阁，《万里走单骑》走进武当山古建筑群
娱乐,陈佩斯导师课实践“无实物表演”教学，郭德纲继“他还是个孩子”之后为何再cue郭麒麟
娱乐,除了探案，我们看推理综艺的时候在看些什么
娱乐,虚拟偶像市场，瓶颈在哪里？
体育,2023年女足世界杯举办城市确定 决赛将在悉尼举行
体育,国足四十强赛剩余赛程出炉 首场五月底迎战关岛
体育,孙杨案重审听证会5月下旬进行 以线上视频形式进行
体育,欧足联：欧洲杯单场每支球队可更换5名替补 
体育,减少冲动消费纠纷！北京健身房设置七天冷静期
体育,一波三折！东京奥运会火炬大阪传递或因疫情取消
体育,首局仅得8分！迈阿密站大坂直美23连胜遭终结
体育,世预赛德国主场爆冷负北马其顿 西班牙战胜科索沃
体育,2023年女足世界杯举办城市确定 决赛将在悉尼举行
体育,国足四十强赛剩余赛程出炉 首场五月底迎战关岛
体育,足协主席说，中国足球要让老百姓看到希望
体育,欧足联：欧洲杯单场每支球队可更换5名替补 
体育,世预赛德国主场爆冷负北马其顿 西班牙战胜科索沃
体育,武磊谈江苏队解散：为球队惋惜 球员努力会被记得
体育,探访冬残奥会国家集训队训练
体育,国足上海集训备战世预赛
体育,“骑行赏花”共享春光 第三届环长三角自行车赛歙县站火热开赛
体育,国足球员体脂率达8%至9%，别再叫他们白斩鸡了！
体育,一直沉默的天津津门虎，上演中国足球极限反转大戏
体育,6支球队告别！“破”了的中国足球，还能立得起来吗？
体育,这座北极圈的岛屿，有世界上最美的足球比赛
体育,荣耀！中国女篮传奇郑海霞入选国际篮联名人堂
体育,NBA交易汇总：奥拉迪波改换门庭 隆多加盟快船
体育,CBA进入卡位阶段 上海惨败深圳季后赛资格成疑
体育,广东等进入全运会女篮决赛圈 奥运组合队将同场竞技
体育,CBA观众入场安排出炉 季后赛预计开放2000以内坐席
体育,NBA名宿埃尔金-贝勒去世 八进总决赛却生涯无冠
体育,国脚踢社区杯险些阴沟翻船？背后故事令人暖心
体育,全国公路自行车联赛第二站中黑龙江队夺4金
体育,“冰立方”迎冬奥冰上项目测试 参赛队员为硬件点赞
体育,2020—2021赛季全国高山滑雪冠军赛收官
体育,黑科技点亮五棵松！这里的冬奥测试活动，未来感十足
体育,弗格将身披15号战袍代表辽篮征战CBA联赛
体育,四川男篮险胜山西 时隔四年再闯季后赛
体育,黑科技点亮五棵松！这里的冬奥测试活动，未来感十足
体育,五棵松迎来冰球测试活动 队员连呼“这场地太舒服”
体育,WTA迈阿密站巴蒂晋级女单决赛 力争生涯首次卫冕
体育,助力冬奥 北京“关爱星星儿童”冰上体验培训公益活动落幕
体育,受疫情影响 大坂市长要求取消市内奥运圣火传递
体育,男子冰壶世锦赛开赛 中国队无缘首胜
体育,首都体育馆“上新”，“软硬”皆备为冬奥蓄力
体育,全球厦大校友线上对弈庆百年华诞 马晓春助阵
体育,弗格将身披15号战袍代表辽篮征战CBA联赛
体育,黑科技点亮五棵松！这里的冬奥测试活动，未来感十足
体育,专访丨82岁宋世雄：郎平了不起，她是我的偶像
体育,首都体育馆举行“相约北京”冰上项目测试比赛
体育,国际泳联接连取消多项赛事 对中国影响不大
体育,国脚踢社区杯险些阴沟翻船？背后故事令人暖心
体育,4月“特许上新日” 北京冬奥会倒计时300天特许...
体育,国脚踢社区杯险些阴沟翻船？背后故事令人暖心
体育,全国公路自行车联赛第二站中黑龙江队夺4金
体育,“冰立方”迎冬奥冰上项目测试 参赛队员为硬件点赞
体育,2020—2021赛季全国高山滑雪冠军赛收官
体育,黑科技点亮五棵松！这里的冬奥测试活动，未来感十足
体育,弗格将身披15号战袍代表辽篮征战CBA联赛
体育,四川男篮险胜山西 时隔四年再闯季后赛
体育,荣耀！中国女篮传奇郑海霞入选国际篮联名人堂
体育,荣耀！中国女篮传奇郑海霞入选国际篮联名人堂
体育,足协主席说，中国足球要让老百姓看到希望
体育,足协主席说，中国足球要让老百姓看到希望
文化,千年古郡治浙江台州章安的“破圈”之路
文化,《源动力：中国民营企业传承突围》亮相北京图书订货会
文化,北京语言大学鲁迅与世界文化研究院成立
文化,解读经典著作文化魅力 《张其成全解黄帝内经》首发 
文化,中西比较|趣谈中西历史同期两对君臣的“同”与“不同” 
文化,艺术家对话科学家：艺术与科技并不对立 两者永远分不开
文化,甘肃文物鉴别师：触摸每一件藏品就是和历史“对话”
文化,文物频频“上新” 专家：传统文化与时代呼应焕发新魅力
文化,山西黎侯彩雕：“守”与“变”中唤醒老手艺
文化,包钢一号高炉被列入内蒙古重点文物保护单位
文化,当“明星文物”遇上甜点，跨越千年的味道你想尝尝吗？
文化,被“围观”的国际口足画家黄国富：用乐观激励更多人
文化,民间收藏家与他的“博物馆”：研究古绣背后的文化符号
文化,上海：“大师剧”成校园文化新风尚
文化,话剧《正阳书局》以书为媒聚焦京城小人物
文化,辽宁优秀文化外宣项目亮相孟加拉国
文化,张艺谋首部谍战片确定加入 电影五一档“阵容”耀眼
文化,当《珍珠塔》遇见象牙塔 经典锡剧将赴清华大学演出
文化,“火”出圈的“唐宫小姐姐”原来出自这里
文化,香港话剧团首推原创剧目普通话版 冀更多两地文化交流
文化,中央民族乐团献红歌音乐会 民族乐器焕发经典活力
文化,《中国刀剑史》首发 作者解读武备文化发展历程
文化,安意如《故宫如梦》用心用情走近深宫那些人与事
文化,北京“十大建筑”：见证巍巍古都旧貌换新颜
文化,民间收藏家与他的“博物馆”：研究古绣背后的文化符号
文化,三星堆博物馆将建设新馆
文化,清明节，能祝别人节日快乐吗？
文化,辛丑（2021）年清明公祭轩辕黄帝典礼在陕西举行
文化,山西洪洞举办第31届大槐树寻根祭祖大典 传承祭祖习俗守望乡愁
文化,江苏兴化茅山会船祭清明 缅怀历代无名英烈
文化,古都开封举办清明文化节 线上线下共享宋韵清明
文化,吕思清、朱亦兵等演奏家献艺中国音乐家协会弦乐学会成立音乐会
文化,长篇小说《归心》讲述两岸“中国芯”
文化,千年古郡治浙江台州章安的“破圈”之路
文化,只要记得，死亡就不是终点
文化,《射雕英雄传》英译本：用“镜头感”表现“武侠滋味”
文化,学者陕西黄陵探讨黄帝文化与黄帝精神 助力文化传承
文化,何为编辑？编辑何为？全国一流少儿编辑共聚交流出版心得
文化,合肥市庐剧院院长谈地方戏曲发展：突破区域局限 培养人才和观众
文化,甘肃文物鉴别师：触摸每一件藏品就是和历史“对话”
文化,陈鲁豫：我一天只吃三粒米？假的
文化,00后大学生传承非遗折纸 8000余件作品雕琢万千世界
文化,96岁王鼎钧：每个方块字像一块土 可以连成大地山河
文化,记者对话廖昌永：唱响中国的好声音
文化,阿什莉·奥德兰：成为母亲后，写下母职的另一面
文化,《南京历史文献数据库》上线 查文献实用工具有哪些？
文化,最新考古发现！西安发现周天子使用的宗庙
文化,又一次惊艳世人的三星堆遗址 有多少谜还没解开？
文化,三星堆8号坑发现可拼接青铜碎片 或为礼仪用器
文化,三星堆背后的考古经济 如何从一时热变一直热
文化,内蒙古推武安州辽塔修缮工作 将启动塔基考古发掘工作
文化,三星堆遗址考古重启 青铜神树：实物版的太阳神鸟传说
文化,书香迎接建党百年
文化,云南哈尼族服饰浙江展出 被誉为“用针线书写的史书”
文化,讲述两代创业者故事 舞剧《到那时》广州首演
文化,黄河文化月即将启幕 专家解读如何纳入新生基因？
文化,张火丁学生李林晓将办京剧专场 长安大戏院演出程派《白蛇传》
文化,何为编辑？编辑何为？全国一流少儿编辑共聚交流出版心得
文化,《射雕英雄传》英译本：用“镜头感”表现“武侠滋味”
文化,千年古郡治浙江台州章安的“破圈”之路
文化,长篇小说《归心》讲述两岸“中国芯”
文化,江苏兴化茅山会船祭清明 缅怀历代无名英烈
文化,清明节，能祝别人节日快乐吗？
文化,辛丑（2021）年清明公祭轩辕黄帝典礼在陕西举行
文化,山西洪洞举办第31届大槐树寻根祭祖大典 传承祭祖习俗守望乡愁
文化,江苏兴化茅山会船祭清明 缅怀历代无名英烈
文化,古都开封举办清明文化节 线上线下共享宋韵清明
文化,吕思清、朱亦兵等演奏家献艺中国音乐家协会弦乐学会成立音乐会
文化,长篇小说《归心》讲述两岸“中国芯”
文化,千年古郡治浙江台州章安的“破圈”之路
文化,只要记得，死亡就不是终点
文化,《射雕英雄传》英译本：用“镜头感”表现“武侠滋味”
文化,学者陕西黄陵探讨黄帝文化与黄帝精神 助力文化传承
文化,何为编辑？编辑何为？全国一流少儿编辑共聚交流出版心得
文化,《头等舱的贼》： 顶尖商业调查师笔下的商业犯罪
文化,越剧走过115载春秋：发源地书写“守与望”
